NounCategory,DistanceType,Mean,Median,StdDev,Min,Max,Count
Food Items,Cosine,0.033853960780813486,0.023073000833392143,0.030369351504814925,0.0,0.233815997838974,3312
Food Items,Jaccard,0.27765200071785745,0.18181818181818177,0.1807263334399245,0.0,0.8235294117647058,3312
