NounCategory,DistanceType,Mean,Median,StdDev,Min,Max,Count
Plants,Cosine,0.013009062211130903,0.01398599985986948,0.01442987756107504,0.0,0.07166200131177902,3312
Plants,Jaccard,0.12141692848214586,0.18181818181818177,0.11862336524915186,0.0,0.46153846153846156,3312
