NounCategory,DistanceType,Mean,Median,StdDev,Min,Max,Count
Plants,Cosine,0.01314524242165674,0.015287999995052814,0.012947923289902595,0.0,0.0644960030913353,3312
Plants,Jaccard,0.1289469387295474,0.18181818181818177,0.11596732804948329,0.0,0.46153846153846156,3312
