pearson_r,pearson_p,spearman_r,spearman_p,cosine_mean,cosine_std,cosine_min,cosine_max,cosine_median,jaccard_mean,jaccard_std,jaccard_min,jaccard_max,jaccard_median,sample_size
0.9120707881020832,0.0,0.9358947878388674,0.0,0.012107519020429875,0.012568329007933464,0.0,0.06821999698877335,0.012551000341773033,0.14110165197121716,0.12759770595087122,0.0,0.46153846153846156,0.18181818181818177,3312
