pearson_r,pearson_p,spearman_r,spearman_p,cosine_mean,cosine_std,cosine_min,cosine_max,cosine_median,jaccard_mean,jaccard_std,jaccard_min,jaccard_max,jaccard_median,sample_size
0.93194560817175,0.0,0.9486470557305005,0.0,0.028034481862685177,0.02156794970410089,0.0,0.12410099804401398,0.02198600023984909,0.2380337054250098,0.15186708447544825,0.0,0.6666666666666667,0.18181818181818177,3312
