pearson_r,pearson_p,spearman_r,spearman_p,cosine_mean,cosine_std,cosine_min,cosine_max,cosine_median,jaccard_mean,jaccard_std,jaccard_min,jaccard_max,jaccard_median,sample_size
0.9093847503316042,0.0,0.9462647877815381,0.0,0.0282064088302402,0.01957966591468635,0.0,0.12822699546813965,0.027303999289870262,0.29019634250612514,0.14862175534268637,0.0,0.75,0.33333333333333337,3312
