pearson_r,pearson_p,spearman_r,spearman_p,cosine_mean,cosine_std,cosine_min,cosine_max,cosine_median,jaccard_mean,jaccard_std,jaccard_min,jaccard_max,jaccard_median,sample_size
0.9608686074856043,0.0,0.9658938450219062,0.0,0.03222327703550449,0.025221041943835534,0.0,0.12432999908924103,0.034012001007795334,0.264613305374175,0.18211330561816752,0.0,0.75,0.33333333333333337,3312
