pearson_r,pearson_p,spearman_r,spearman_p,cosine_mean,cosine_std,cosine_min,cosine_max,cosine_median,jaccard_mean,jaccard_std,jaccard_min,jaccard_max,jaccard_median,sample_size
0.9570989294880117,0.0,0.9507064980908856,0.0,0.02495947604818879,0.019726981412171895,0.0,0.10737200081348419,0.01947600021958351,0.2138545834198008,0.14277161596674892,0.0,0.5714285714285714,0.18181818181818177,3312
