pearson_r,pearson_p,spearman_r,spearman_p,cosine_mean,cosine_std,cosine_min,cosine_max,cosine_median,jaccard_mean,jaccard_std,jaccard_min,jaccard_max,jaccard_median,sample_size
0.8261521328186395,0.0,0.8867318288100997,0.0,0.014596688078803216,0.0148588943008366,0.0,0.0817359983921051,0.016266999766230583,0.18645977613368916,0.14172281108175705,0.0,0.5714285714285714,0.18181818181818177,3312
