pearson_r,pearson_p,spearman_r,spearman_p,cosine_mean,cosine_std,cosine_min,cosine_max,cosine_median,jaccard_mean,jaccard_std,jaccard_min,jaccard_max,jaccard_median,sample_size
0.8928201480350292,0.0,0.9374068549734913,0.0,0.025074696280872062,0.02149057228389748,0.0,0.1310340017080307,0.018081000074744225,0.2643367502063154,0.15163192364653919,0.0,0.7333333333333334,0.18181818181818177,3312
