NounCategory,DistanceType,Mean,Median,StdDev,Min,Max,Count
Human Roles,Cosine,0.022633859928916353,0.01674100011587143,0.017866793197768575,0.0,0.10893599689006805,3312
Human Roles,Jaccard,0.2317514409905714,0.18181818181818177,0.13823491729067366,0.0,0.6666666666666667,3312
