pearson_r,pearson_p,spearman_r,spearman_p,cosine_mean,cosine_std,cosine_min,cosine_max,cosine_median,jaccard_mean,jaccard_std,jaccard_min,jaccard_max,jaccard_median,sample_size
0.9438196150177776,0.0,0.9572257841707167,0.0,0.025623546219815396,0.02399551715905281,0.0,0.1496420055627823,0.01999500021338463,0.204923096227444,0.15401346292169016,0.0,0.6666666666666667,0.18181818181818177,3312
