pearson_r,pearson_p,spearman_r,spearman_p,cosine_mean,cosine_std,cosine_min,cosine_max,cosine_median,jaccard_mean,jaccard_std,jaccard_min,jaccard_max,jaccard_median,sample_size
0.8950619678157736,0.0,0.944746934061704,0.0,0.025947251894000253,0.024679291125873977,0.0,0.2982819974422455,0.019752999767661095,0.23607593077843156,0.16243219891551028,0.0,0.9473684210526316,0.18181818181818177,39744
