NounCategory,DistanceType,Mean,Median,StdDev,Min,Max,Count
Environmental Phenomena,Cosine,0.027192309785887485,0.020093999803066254,0.022734233560924633,0.0,0.16082599759101868,3312
Environmental Phenomena,Jaccard,0.2628970516198777,0.18181818181818177,0.17677759811637936,0.0,0.75,3312
