pearson_r,pearson_p,spearman_r,spearman_p,cosine_mean,cosine_std,cosine_min,cosine_max,cosine_median,jaccard_mean,jaccard_std,jaccard_min,jaccard_max,jaccard_median,sample_size
0.9531102946403571,0.0,0.9456999315850035,0.0,0.023750077550337104,0.018564688427029314,0.0,0.1152689978480339,0.01952500082552433,0.21556925361273185,0.1461053916298194,0.0,0.6666666666666667,0.18181818181818177,3312
