{
  "overall_diversity_metrics": {
    "overall_entropy": 5.707609075210502,
    "mean_language_entropy": 5.2653611440018535,
    "entropy_variance": 0.005464287045396796,
    "diversity_index": 1.0839919464427326
  },
  "pairwise_language_similarities": {
    "AR # Arabic_vs_BN # Bengali": 0.610738255033557,
    "AR # Arabic_vs_DE # German": 0.6,
    "AR # Arabic_vs_ES # Spanish": 0.6666666666666667,
    "AR # Arabic_vs_FA # Persian": 0.6551724137931034,
    "AR # Arabic_vs_FR # French": 0.6216216216216215,
    "AR # Arabic_vs_GA # Irish": 0.6326530612244897,
    "AR # Arabic_vs_HE # Hebrew": 0.5584415584415584,
    "AR # Arabic_vs_HI # Hindi": 0.5894039735099338,
    "AR # Arabic_vs_IT # Italian": 0.6438356164383562,
    "AR # Arabic_vs_JA # Japanese": 0.6326530612244897,
    "AR # Arabic_vs_KO # Korean": 0.5894039735099338,
    "AR # Arabic_vs_LV # Latvian": 0.5483870967741935,
    "AR # Arabic_vs_PL # Polish": 0.5894039735099338,
    "AR # Arabic_vs_PS # Pashto": 0.5789473684210527,
    "AR # Arabic_vs_PT # Portuguese": 0.5789473684210527,
    "AR # Arabic_vs_RU # Russian": 0.6438356164383562,
    "AR # Arabic_vs_SQ # Albanian": 0.6438356164383562,
    "AR # Arabic_vs_SW # Swahili": 0.6216216216216216,
    "AR # Arabic_vs_TH # Thai": 0.6,
    "AR # Arabic_vs_TR # Turkish": 0.6326530612244897,
    "AR # Arabic_vs_UR # Urdu": 0.5483870967741935,
    "AR # Arabic_vs_VI # Vietnamese": 0.6326530612244897,
    "AR # Arabic_vs_ZH # Mandarin": 0.6,
    "BN # Bengali_vs_DE # German": 0.5686274509803921,
    "BN # Bengali_vs_ES # Spanish": 0.5894039735099338,
    "BN # Bengali_vs_FA # Persian": 0.5789473684210527,
    "BN # Bengali_vs_FR # French": 0.610738255033557,
    "BN # Bengali_vs_GA # Irish": 0.6,
    "BN # Bengali_vs_HE # Hebrew": 0.6,
    "BN # Bengali_vs_HI # Hindi": 0.6216216216216215,
    "BN # Bengali_vs_IT # Italian": 0.6438356164383562,
    "BN # Bengali_vs_JA # Japanese": 0.6,
    "BN # Bengali_vs_KO # Korean": 0.5584415584415584,
    "BN # Bengali_vs_LV # Latvian": 0.5483870967741935,
    "BN # Bengali_vs_PL # Polish": 0.5789473684210527,
    "BN # Bengali_vs_PS # Pashto": 0.5894039735099338,
    "BN # Bengali_vs_PT # Portuguese": 0.5189873417721519,
    "BN # Bengali_vs_RU # Russian": 0.5894039735099338,
    "BN # Bengali_vs_SQ # Albanian": 0.6783216783216783,
    "BN # Bengali_vs_SW # Swahili": 0.5789473684210527,
    "BN # Bengali_vs_TH # Thai": 0.5789473684210527,
    "BN # Bengali_vs_TR # Turkish": 0.5686274509803921,
    "BN # Bengali_vs_UR # Urdu": 0.5584415584415584,
    "BN # Bengali_vs_VI # Vietnamese": 0.5894039735099338,
    "BN # Bengali_vs_ZH # Mandarin": 0.6216216216216215,
    "DE # German_vs_ES # Spanish": 0.5789473684210527,
    "DE # German_vs_FA # Persian": 0.5686274509803921,
    "DE # German_vs_FR # French": 0.610738255033557,
    "DE # German_vs_GA # Irish": 0.5483870967741935,
    "DE # German_vs_HE # Hebrew": 0.5789473684210527,
    "DE # German_vs_HI # Hindi": 0.6,
    "DE # German_vs_IT # Italian": 0.5789473684210527,
    "DE # German_vs_JA # Japanese": 0.5483870967741935,
    "DE # German_vs_KO # Korean": 0.5584415584415585,
    "DE # German_vs_LV # Latvian": 0.5483870967741935,
    "DE # German_vs_PL # Polish": 0.5789473684210527,
    "DE # German_vs_PS # Pashto": 0.5686274509803921,
    "DE # German_vs_PT # Portuguese": 0.5189873417721519,
    "DE # German_vs_RU # Russian": 0.5189873417721519,
    "DE # German_vs_SQ # Albanian": 0.5686274509803921,
    "DE # German_vs_SW # Swahili": 0.5094339622641509,
    "DE # German_vs_TH # Thai": 0.610738255033557,
    "DE # German_vs_TR # Turkish": 0.5094339622641509,
    "DE # German_vs_UR # Urdu": 0.5,
    "DE # German_vs_VI # Vietnamese": 0.6216216216216215,
    "DE # German_vs_ZH # Mandarin": 0.5894039735099338,
    "ES # Spanish_vs_FA # Persian": 0.5789473684210527,
    "ES # Spanish_vs_FR # French": 0.5894039735099338,
    "ES # Spanish_vs_GA # Irish": 0.5686274509803921,
    "ES # Spanish_vs_HE # Hebrew": 0.5483870967741935,
    "ES # Spanish_vs_HI # Hindi": 0.5384615384615384,
    "ES # Spanish_vs_IT # Italian": 0.6326530612244897,
    "ES # Spanish_vs_JA # Japanese": 0.6,
    "ES # Spanish_vs_KO # Korean": 0.6,
    "ES # Spanish_vs_LV # Latvian": 0.5189873417721519,
    "ES # Spanish_vs_PL # Polish": 0.6,
    "ES # Spanish_vs_PS # Pashto": 0.5384615384615384,
    "ES # Spanish_vs_PT # Portuguese": 0.6,
    "ES # Spanish_vs_RU # Russian": 0.6438356164383561,
    "ES # Spanish_vs_SQ # Albanian": 0.6438356164383562,
    "ES # Spanish_vs_SW # Swahili": 0.5483870967741935,
    "ES # Spanish_vs_TH # Thai": 0.5789473684210527,
    "ES # Spanish_vs_TR # Turkish": 0.6216216216216215,
    "ES # Spanish_vs_UR # Urdu": 0.5384615384615384,
    "ES # Spanish_vs_VI # Vietnamese": 0.5789473684210527,
    "ES # Spanish_vs_ZH # Mandarin": 0.610738255033557,
    "FA # Persian_vs_FR # French": 0.6326530612244897,
    "FA # Persian_vs_GA # Irish": 0.6783216783216783,
    "FA # Persian_vs_HE # Hebrew": 0.5894039735099338,
    "FA # Persian_vs_HI # Hindi": 0.5789473684210527,
    "FA # Persian_vs_IT # Italian": 0.6551724137931034,
    "FA # Persian_vs_JA # Japanese": 0.6216216216216215,
    "FA # Persian_vs_KO # Korean": 0.6,
    "FA # Persian_vs_LV # Latvian": 0.5286624203821656,
    "FA # Persian_vs_PL # Polish": 0.6438356164383562,
    "FA # Persian_vs_PS # Pashto": 0.6216216216216215,
    "FA # Persian_vs_PT # Portuguese": 0.6,
    "FA # Persian_vs_RU # Russian": 0.6216216216216215,
    "FA # Persian_vs_SQ # Albanian": 0.6438356164383561,
    "FA # Persian_vs_SW # Swahili": 0.6,
    "FA # Persian_vs_TH # Thai": 0.5894039735099338,
    "FA # Persian_vs_TR # Turkish": 0.7142857142857143,
    "FA # Persian_vs_UR # Urdu": 0.5789473684210527,
    "FA # Persian_vs_VI # Vietnamese": 0.6666666666666667,
    "FA # Persian_vs_ZH # Mandarin": 0.6,
    "FR # French_vs_GA # Irish": 0.610738255033557,
    "FR # French_vs_HE # Hebrew": 0.5894039735099338,
    "FR # French_vs_HI # Hindi": 0.6,
    "FR # French_vs_IT # Italian": 0.6666666666666666,
    "FR # French_vs_JA # Japanese": 0.6438356164383562,
    "FR # French_vs_KO # Korean": 0.6551724137931034,
    "FR # French_vs_LV # Latvian": 0.610738255033557,
    "FR # French_vs_PL # Polish": 0.6438356164383562,
    "FR # French_vs_PS # Pashto": 0.6216216216216215,
    "FR # French_vs_PT # Portuguese": 0.5789473684210527,
    "FR # French_vs_RU # Russian": 0.5894039735099338,
    "FR # French_vs_SQ # Albanian": 0.6438356164383562,
    "FR # French_vs_SW # Swahili": 0.5584415584415584,
    "FR # French_vs_TH # Thai": 0.6666666666666666,
    "FR # French_vs_TR # Turkish": 0.6438356164383562,
    "FR # French_vs_UR # Urdu": 0.5894039735099338,
    "FR # French_vs_VI # Vietnamese": 0.6666666666666666,
    "FR # French_vs_ZH # Mandarin": 0.6216216216216215,
    "GA # Irish_vs_HE # Hebrew": 0.5686274509803921,
    "GA # Irish_vs_HI # Hindi": 0.5686274509803921,
    "GA # Irish_vs_IT # Italian": 0.6783216783216783,
    "GA # Irish_vs_JA # Japanese": 0.6783216783216783,
    "GA # Irish_vs_KO # Korean": 0.610738255033557,
    "GA # Irish_vs_LV # Latvian": 0.5584415584415585,
    "GA # Irish_vs_PL # Polish": 0.6438356164383562,
    "GA # Irish_vs_PS # Pashto": 0.6,
    "GA # Irish_vs_PT # Portuguese": 0.5686274509803921,
    "GA # Irish_vs_RU # Russian": 0.5789473684210527,
    "GA # Irish_vs_SQ # Albanian": 0.6666666666666666,
    "GA # Irish_vs_SW # Swahili": 0.5789473684210527,
    "GA # Irish_vs_TH # Thai": 0.6,
    "GA # Irish_vs_TR # Turkish": 0.6551724137931034,
    "GA # Irish_vs_UR # Urdu": 0.6,
    "GA # Irish_vs_VI # Vietnamese": 0.610738255033557,
    "GA # Irish_vs_ZH # Mandarin": 0.5789473684210527,
    "HE # Hebrew_vs_HI # Hindi": 0.6326530612244897,
    "HE # Hebrew_vs_IT # Italian": 0.6,
    "HE # Hebrew_vs_JA # Japanese": 0.5384615384615384,
    "HE # Hebrew_vs_KO # Korean": 0.5686274509803921,
    "HE # Hebrew_vs_LV # Latvian": 0.5789473684210527,
    "HE # Hebrew_vs_PL # Polish": 0.6438356164383562,