pearson_r,pearson_p,spearman_r,spearman_p,cosine_mean,cosine_std,cosine_min,cosine_max,cosine_median,jaccard_mean,jaccard_std,jaccard_min,jaccard_max,jaccard_median,sample_size
0.9282778554913647,0.0,0.9546535614792049,0.0,0.0561300881558444,0.040703342558556094,0.0,0.23737800121307373,0.05277400091290474,0.37363825403307505,0.18237592709198971,0.0,0.8888888888888888,0.33333333333333337,3312
