pearson_r,pearson_p,spearman_r,spearman_p,cosine_mean,cosine_std,cosine_min,cosine_max,cosine_median,jaccard_mean,jaccard_std,jaccard_min,jaccard_max,jaccard_median,sample_size
0.9314756022088138,0.0,0.9493265711400041,0.0,0.024909803424271657,0.022729119849147755,0.0,0.1350329965353012,0.01858700066804886,0.21916921645182513,0.15699067126672145,0.0,0.6666666666666667,0.18181818181818177,3312
