NounCategory,DistanceType,Mean,Median,StdDev,Min,Max,Count
Social Relationships,Cosine,0.019540686927957074,0.01659799925982952,0.014191313760907874,0.0,0.08320699632167816,3312
Social Relationships,Jaccard,0.21513510643945424,0.18181818181818177,0.12806034934809604,0.0,0.6666666666666667,3312
