NounCategory,DistanceType,Mean,Median,StdDev,Min,Max,Count
Inanimate Objects,Cosine,0.02438652929281242,0.019540000706911087,0.02156493718940492,0.0,0.13606399297714233,3312
Inanimate Objects,Jaccard,0.21652853989810508,0.18181818181818177,0.15642398154839446,0.0,0.6666666666666667,3312
