NounCategory,DistanceType,Mean,Median,StdDev,Min,Max,Count
Human Roles,Cosine,0.0282064088302402,0.027303999289870262,0.01957966591468635,0.0,0.12822699546813965,3312
Human Roles,Jaccard,0.29019634250612514,0.33333333333333337,0.14862175534268637,0.0,0.75,3312
