NounCategory,DistanceType,Mean,Median,StdDev,Min,Max,Count
Spatial Concepts,Cosine,0.046927677263787194,0.040986500680446625,0.035163728614186276,0.0,0.20040099322795868,3312
Spatial Concepts,Jaccard,0.35549809578741803,0.33333333333333337,0.19016153680279324,0.0,0.8235294117647058,3312
