NounCategory,DistanceType,Mean,Median,StdDev,Min,Max,Count
Food Items,Cosine,0.017087250876095392,0.01576399989426136,0.017802014555069585,0.0,0.09254900366067886,3312
Food Items,Jaccard,0.1650837085619694,0.18181818181818177,0.1473903723227646,0.0,0.5714285714285714,3312
