NounCategory,DistanceType,Mean,Median,StdDev,Min,Max,Count
Social Relationships,Cosine,0.02181663348308954,0.017913000658154488,0.016572496679032434,0.0,0.10191400349140167,3312
Social Relationships,Jaccard,0.24649219126520916,0.18181818181818177,0.1483305954006836,0.0,0.8235294117647058,3312
