pearson_r,pearson_p,spearman_r,spearman_p,cosine_mean,cosine_std,cosine_min,cosine_max,cosine_median,jaccard_mean,jaccard_std,jaccard_min,jaccard_max,jaccard_median,sample_size
0.9263252426324463,0.0,0.938972934214381,0.0,0.022501495822593264,0.019890999376248143,0.0,0.09999199956655502,0.020230000838637352,0.21575857717162067,0.16320866155384986,0.0,0.6666666666666667,0.18181818181818177,3312
