NounCategory,DistanceType,Mean,Median,StdDev,Min,Max,Count
Cultural Artifacts,Cosine,0.0188951150144837,0.019147999584674835,0.014142983137249477,0.0,0.06805899739265442,3312
Cultural Artifacts,Jaccard,0.19685165880818054,0.18181818181818177,0.1329709215507472,0.0,0.6666666666666667,3312
