pearson_r,pearson_p,spearman_r,spearman_p,cosine_mean,cosine_std,cosine_min,cosine_max,cosine_median,jaccard_mean,jaccard_std,jaccard_min,jaccard_max,jaccard_median,sample_size
0.9224269349769655,0.0,0.9279284105729376,0.0,0.022633859928916353,0.017866793197768575,0.0,0.10893599689006805,0.01674100011587143,0.2317514409905714,0.13823491729067366,0.0,0.6666666666666667,0.18181818181818177,3312
