NounCategory,DistanceType,Mean,Median,StdDev,Min,Max,Count
Food Items,Cosine,0.017120539590522735,0.015224999748170376,0.016744108709737617,0.0,0.10070499777793884,3312
Food Items,Jaccard,0.16640444901314466,0.18181818181818177,0.1359077762661549,0.0,0.5714285714285714,3312
