NounCategory,DistanceType,Mean,Median,StdDev,Min,Max,Count
Spatial Concepts,Cosine,0.0561300881558444,0.05277400091290474,0.040703342558556094,0.0,0.23737800121307373,3312
Spatial Concepts,Jaccard,0.37363825403307505,0.33333333333333337,0.18237592709198971,0.0,0.8888888888888888,3312
