NounCategory,DistanceType,Mean,Median,StdDev,Min,Max,Count
Places,Cosine,0.023750077550337104,0.01952500082552433,0.018564688427029314,0.0,0.1152689978480339,3312
Places,Jaccard,0.21556925361273185,0.18181818181818177,0.1461053916298194,0.0,0.6666666666666667,3312
