pearson_r,pearson_p,spearman_r,spearman_p,cosine_mean,cosine_std,cosine_min,cosine_max,cosine_median,jaccard_mean,jaccard_std,jaccard_min,jaccard_max,jaccard_median,sample_size
0.9120191141360399,0.0,0.9293669273234689,0.0,0.05645485929211215,0.03291214770484774,0.0,0.19021600484848022,0.05388199910521507,0.39588710492642715,0.16852350163363572,0.0,0.8235294117647058,0.33333333333333337,3312
