pearson_r,pearson_p,spearman_r,spearman_p,cosine_mean,cosine_std,cosine_min,cosine_max,cosine_median,jaccard_mean,jaccard_std,jaccard_min,jaccard_max,jaccard_median,sample_size
0.9128557257742436,0.0,0.9586931202835709,0.0,0.05831806824397587,0.04613068188265231,0.0,0.2982819974422455,0.0454070009291172,0.383358482696101,0.19128022281663074,0.0,0.9473684210526316,0.33333333333333337,3312
