pearson_r,pearson_p,spearman_r,spearman_p,cosine_mean,cosine_std,cosine_min,cosine_max,cosine_median,jaccard_mean,jaccard_std,jaccard_min,jaccard_max,jaccard_median,sample_size
0.8800235516921029,0.0,0.9188823584378822,0.0,0.027189588741740527,0.019745308635570932,0.0,0.1207680031657219,0.021863000467419624,0.2764573138214443,0.14564877404113527,0.0,0.75,0.33333333333333337,3312
