NounCategory,DistanceType,Mean,Median,StdDev,Min,Max,Count
Places,Cosine,0.028563267531097974,0.024029499851167202,0.019921700624669934,0.0,0.11998999863862991,3312
Places,Jaccard,0.2635102417711114,0.33333333333333337,0.1420656481593451,0.0,0.6666666666666667,3312
