,sum_sq,df,F,PR(>F)
C(NounCategory),152.60361427037316,11.0,615.1940233289894,0.0
Residual,895.984411164896,39732.0,,
