,sum_sq,df,F,PR(>F)
C(NounCategory),4.932671893623814,11.0,924.4203824197302,0.0
Residual,19.273494200909504,39732.0,,
