NounCategory,DistanceType,Mean,Median,StdDev,Min,Max,Count
Plants,Cosine,0.01891334870623784,0.019267000257968903,0.015087128497148676,0.0,0.08777199685573578,3312
Plants,Jaccard,0.17542471618558572,0.18181818181818177,0.1211756384745814,0.0,0.5714285714285714,3312
