pearson_r,pearson_p,spearman_r,spearman_p,cosine_mean,cosine_std,cosine_min,cosine_max,cosine_median,jaccard_mean,jaccard_std,jaccard_min,jaccard_max,jaccard_median,sample_size
0.9249768456142053,0.0,0.9480657860647403,0.0,0.023590143072853745,0.020371393831468836,0.0,0.09998200088739395,0.019686000421643257,0.2091602037254211,0.15452757030955153,0.0,0.6666666666666667,0.18181818181818177,3312
