NounCategory,DistanceType,Mean,Median,StdDev,Min,Max,Count
Places,Cosine,0.028034481862685177,0.02198600023984909,0.02156794970410089,0.0,0.12410099804401398,3312
Places,Jaccard,0.2380337054250098,0.18181818181818177,0.15186708447544825,0.0,0.6666666666666667,3312
