NounCategory,DistanceType,Mean,Median,StdDev,Min,Max,Count
Abstract Concepts,Cosine,0.02064011205605692,0.01779000088572502,0.02009781936380107,0.0,0.1227630004286766,3312
Abstract Concepts,Jaccard,0.1957176780546346,0.18181818181818177,0.1705658887110485,0.0,0.75,3312
