NounCategory,DistanceType,Mean,Median,StdDev,Min,Max,Count
Time Concepts,Cosine,0.027283038295984195,0.020924500189721584,0.024314134781232365,0.0,0.11532600224018097,3312
Time Concepts,Jaccard,0.23121383447470403,0.18181818181818177,0.17373773661863356,0.0,0.6666666666666667,3312
