pearson_r,pearson_p,spearman_r,spearman_p,cosine_mean,cosine_std,cosine_min,cosine_max,cosine_median,jaccard_mean,jaccard_std,jaccard_min,jaccard_max,jaccard_median,sample_size
0.8988843810009943,0.0,0.943984483698056,0.0,0.02519302446685806,0.02519194844253779,0.0,0.25540798902511597,0.019209999591112137,0.22774333572056643,0.1650416528158733,0.0,0.8888888888888888,0.18181818181818177,39744
