NounCategory,DistanceType,Mean,Median,StdDev,Min,Max,Count
Time Concepts,Cosine,0.03222327703550449,0.034012001007795334,0.025221041943835534,0.0,0.12432999908924103,3312
Time Concepts,Jaccard,0.264613305374175,0.33333333333333337,0.18211330561816752,0.0,0.75,3312
