pearson_r,pearson_p,spearman_r,spearman_p,cosine_mean,cosine_std,cosine_min,cosine_max,cosine_median,jaccard_mean,jaccard_std,jaccard_min,jaccard_max,jaccard_median,sample_size
0.9260028805098433,0.0,0.96172514385777,0.0,0.05925260543395006,0.04526262104850048,0.0,0.25540798902511597,0.05058800056576729,0.38477539774960917,0.19871200014615686,0.0,0.8888888888888888,0.33333333333333337,3312
