NounCategory,DistanceType,Mean,Median,StdDev,Min,Max,Count
Time Concepts,Cosine,0.03444165068347667,0.037362001836299896,0.02632303124376462,0.0,0.14737699925899506,3312
Time Concepts,Jaccard,0.2822079289470594,0.33333333333333337,0.18009584474970325,0.0,0.75,3312
