NounCategory,DistanceType,Mean,Median,StdDev,Min,Max,Count
Abstract Concepts,Cosine,0.03328137650247019,0.03133550100028515,0.01970068183415288,0.0,0.13221199810504913,3312
Abstract Concepts,Jaccard,0.31924348296630906,0.33333333333333337,0.14300246490661642,0.0,0.75,3312
