NounCategory,DistanceType,Mean,Median,StdDev,Min,Max,Count
Environmental Phenomena,Cosine,0.02610323756205247,0.020610500127077103,0.01889319240669351,0.0,0.12304399907588959,3312
Environmental Phenomena,Jaccard,0.262103561695953,0.18181818181818177,0.15802148311988645,0.0,0.75,3312
