,sum_sq,df,F,PR(>F)
C(NounCategory),2.9263058947180403,11.0,524.5692592705747,0.0
Residual,20.149516398309594,39732.0,,
