,sum_sq,df,F,PR(>F)
C(NounCategory),141.1972223898299,11.0,523.8891556965422,0.0
Residual,973.496705794538,39732.0,,
