pearson_r,pearson_p,spearman_r,spearman_p,cosine_mean,cosine_std,cosine_min,cosine_max,cosine_median,jaccard_mean,jaccard_std,jaccard_min,jaccard_max,jaccard_median,sample_size
0.943613702213978,0.0,0.9544004652097005,0.0,0.027192309785887485,0.022734233560924633,0.0,0.16082599759101868,0.020093999803066254,0.2628970516198777,0.17677759811637936,0.0,0.75,0.18181818181818177,3312
