pearson_r,pearson_p,spearman_r,spearman_p,cosine_mean,cosine_std,cosine_min,cosine_max,cosine_median,jaccard_mean,jaccard_std,jaccard_min,jaccard_max,jaccard_median,sample_size
0.9421224403910626,0.0,0.9526964035763639,0.0,0.02438652929281242,0.02156493718940492,0.0,0.13606399297714233,0.019540000706911087,0.21652853989810508,0.15642398154839446,0.0,0.6666666666666667,0.18181818181818177,3312
