pearson_r,pearson_p,spearman_r,spearman_p,cosine_mean,cosine_std,cosine_min,cosine_max,cosine_median,jaccard_mean,jaccard_std,jaccard_min,jaccard_max,jaccard_median,sample_size
0.9194350579958646,0.0,0.938679893192044,0.0,0.019215808902873534,0.015057114456495324,0.0,0.11212600022554398,0.015549999661743641,0.22336610651828043,0.13976981381208714,0.0,0.6666666666666667,0.18181818181818177,3312
