NounCategory,DistanceType,Mean,Median,StdDev,Min,Max,Count
Neutral Animals,Cosine,0.016138710474971105,0.017839999869465828,0.01303646986278335,0.0,0.05788800120353699,3312
Neutral Animals,Jaccard,0.18215641041727995,0.18181818181818177,0.1317764892472189,0.0,0.5714285714285714,3312
