pearson_r,pearson_p,spearman_r,spearman_p,cosine_mean,cosine_std,cosine_min,cosine_max,cosine_median,jaccard_mean,jaccard_std,jaccard_min,jaccard_max,jaccard_median,sample_size
0.8824544406817445,0.0,0.9040613516098688,0.0,0.02181663348308954,0.016572496679032434,0.0,0.10191400349140167,0.017913000658154488,0.24649219126520916,0.1483305954006836,0.0,0.8235294117647058,0.18181818181818177,3312
