pearson_r,pearson_p,spearman_r,spearman_p,cosine_mean,cosine_std,cosine_min,cosine_max,cosine_median,jaccard_mean,jaccard_std,jaccard_min,jaccard_max,jaccard_median,sample_size
0.8816972181687713,0.0,0.8785252350674793,0.0,0.016138710474971105,0.01303646986278335,0.0,0.05788800120353699,0.017839999869465828,0.18215641041727995,0.1317764892472189,0.0,0.5714285714285714,0.18181818181818177,3312
