NounCategory,DistanceType,Mean,Median,StdDev,Min,Max,Count
Cultural Artifacts,Cosine,0.01964383885844991,0.019138000905513763,0.017526174031670026,0.0,0.09152500331401825,3312
Cultural Artifacts,Jaccard,0.17869358901967594,0.18181818181818177,0.1393314755160632,0.0,0.5714285714285714,3312
