pearson_r,pearson_p,spearman_r,spearman_p,cosine_mean,cosine_std,cosine_min,cosine_max,cosine_median,jaccard_mean,jaccard_std,jaccard_min,jaccard_max,jaccard_median,sample_size
0.9093699189112661,0.0,0.9269709424562492,0.0,0.03328137650247019,0.01970068183415288,0.0,0.13221199810504913,0.03133550100028515,0.31924348296630906,0.14300246490661642,0.0,0.75,0.33333333333333337,3312
