NounCategory,DistanceType,Mean,Median,StdDev,Min,Max,Count
Inanimate Objects,Cosine,0.02965370161903294,0.020760999992489815,0.023343557823086288,0.0,0.11553999781608582,3312
Inanimate Objects,Jaccard,0.25221014894927934,0.18181818181818177,0.15349528857386263,0.0,0.6666666666666667,3312
