pearson_r,pearson_p,spearman_r,spearman_p,cosine_mean,cosine_std,cosine_min,cosine_max,cosine_median,jaccard_mean,jaccard_std,jaccard_min,jaccard_max,jaccard_median,sample_size
0.9123703533698451,0.0,0.9008005908602209,0.0,0.0168130920256279,0.013109522933918361,0.0,0.07646399736404419,0.017237000167369843,0.1744157613722831,0.12077045946616076,0.0,0.5714285714285714,0.18181818181818177,3312
