pearson_r,pearson_p,spearman_r,spearman_p,cosine_mean,cosine_std,cosine_min,cosine_max,cosine_median,jaccard_mean,jaccard_std,jaccard_min,jaccard_max,jaccard_median,sample_size
0.938773656767993,0.0,0.9627045924548271,0.0,0.028226309514056053,0.024572248324927874,0.0,0.16308200359344482,0.021185999736189842,0.2533411133954612,0.17646118605933325,0.0,0.75,0.18181818181818177,3312
