pearson_r,pearson_p,spearman_r,spearman_p,cosine_mean,cosine_std,cosine_min,cosine_max,cosine_median,jaccard_mean,jaccard_std,jaccard_min,jaccard_max,jaccard_median,sample_size
0.936475477970527,0.0,0.9183485456223612,0.0,0.019540686927957074,0.014191313760907874,0.0,0.08320699632167816,0.01659799925982952,0.21513510643945424,0.12806034934809604,0.0,0.6666666666666667,0.18181818181818177,3312
