pearson_r,pearson_p,spearman_r,spearman_p,cosine_mean,cosine_std,cosine_min,cosine_max,cosine_median,jaccard_mean,jaccard_std,jaccard_min,jaccard_max,jaccard_median,sample_size
0.9397250592920129,0.0,0.9351085891844244,0.0,0.025683501835693755,0.018230488956943645,0.0,0.10548999905586243,0.021435500122606754,0.24849586806108545,0.14397228805391513,0.0,0.6666666666666667,0.18181818181818177,3312
