NounCategory,DistanceType,Mean,Median,StdDev,Min,Max,Count
Neutral Animals,Cosine,0.01619227867191405,0.017839999869465828,0.015237916290132452,0.0,0.072503000497818,3312
Neutral Animals,Jaccard,0.1847877364181712,0.18181818181818177,0.1395122606905393,0.0,0.5714285714285714,3312
