{
  "language": "AR # Arabic",
  "linguistic_family": "Semitic",
  "linguistic_subfamily": "Semitic",
  "sample_size": 120,
  "response_statistics": {
    "total_responses": 120,
    "unique_responses": 53,
    "response_entropy": 5.334230281001894,
    "most_frequent_response": "Your Answer: blue",
    "response_frequency_distribution": {
      "Your Answer: blue": 0.08333333333333333,
      "calm": 0.06666666666666667,
      "Your Answer: calm": 0.058333333333333334,
      "Your Answer: yellow": 0.041666666666666664,
      "Your Answer: white": 0.041666666666666664,
      "blue": 0.041666666666666664,
      "Blue": 0.03333333333333333,
      "Your Answer: Blue": 0.03333333333333333,
      "Your Answer: green": 0.03333333333333333,
      "Your Answer: red": 0.03333333333333333,
      "red": 0.025,
      "white": 0.025,
      "Your Answer: happy": 0.025,
      "violet": 0.025,
      "White": 0.016666666666666666,
      "Red": 0.016666666666666666,
      "angry": 0.016666666666666666,
      "indigo": 0.016666666666666666,
      "[#008000,#00FF00]": 0.016666666666666666,
      "green": 0.016666666666666666,
      "happy": 0.016666666666666666,
      "Yellow": 0.016666666666666666,
      "Your Answer: orange": 0.016666666666666666,
      "[#800080,#EE82EE]": 0.016666666666666666,
      "Your Answer: White": 0.016666666666666666,
      "Your Answer: Yellow": 0.016666666666666666,
      "[#F0F0F0,#FFFFFF]": 0.016666666666666666,
      "Green": 0.008333333333333333,
      "Your Answer: Green": 0.008333333333333333,
      "[#4B0082,#800080]": 0.008333333333333333,
      "[#0000FF,#00B7EB]": 0.008333333333333333,
      "Happy": 0.008333333333333333,
      "[#FF0000, #FF4040]": 0.008333333333333333,
      "[#FF4500, #FFA500]": 0.008333333333333333,
      "[#FFFF00, #FFD700]": 0.008333333333333333,
      "[#FFA500,#FFC829]": 0.008333333333333333,
      "[4B0082, 6A0DAD]": 0.008333333333333333,
      "[#660099,#EE82EE]": 0.008333333333333333,
      "[#FF8000, #FFBF00]": 0.008333333333333333,
      "[ #FFFFE0, #FFD700 ]": 0.008333333333333333,
      "[#006400, #00FF00]": 0.008333333333333333,
      "Your Answer: [#0000FF,#ADD8E6]": 0.008333333333333333,
      "Your Answer: indigo": 0.008333333333333333,
      "[ #4B0082, #663399 ]": 0.008333333333333333,
      "Your Answer: [#F0F0F0,#FFFFFF]": 0.008333333333333333,
      "[#000080,#ADD8E6]": 0.008333333333333333,
      "Your Answer: angry": 0.008333333333333333,
      "[#800000,#FF0000]": 0.008333333333333333,
      "Orange": 0.008333333333333333,
      "[ #8B0000, #FF0000 ]": 0.008333333333333333,
      "yellow": 0.008333333333333333,
      "[#FFFF00,#FFFF66]": 0.008333333333333333,
      "Your Answer: Red": 0.008333333333333333
    },
    "response_consistency": 0.55,
    "lexical_diversity": 0.18106995884773663
  },
  "cognitive_patterns": {
    "semantic_clustering": {
      "emotion_words": 0.2,
      "color_words": 0.55,
      "spatial_words": 0.0,
      "quantity_words": 0.0
    },
    "response_length_statistics": {
      "mean_length": 2.025,
      "std_length": 1.0121141239998581,
      "min_length": 1,
      "max_length": 4,
      "median_length": 2.0
    },
    "code_switching_frequency": 0.0,
    "cultural_specificity_markers": {
      "formal_markers": 0.0,
      "informal_markers": 0.0,
      "cultural_concepts": 0.0
    }
  },
  "statistical_profile": {
    "descriptive_statistics": {
      "mean_response_code": 25.75,
      "std_response_code": 15.448975154790473,
      "skewness": 0.177103664854032,
      "kurtosis": -1.2735465800878718
    },
    "distribution_tests": {
      "shapiro_wilk": {
        "statistic": 0.9306895085427461,
        "p_value": 1.0626678179091934e-05,
        "is_normal": false
      },
      "interpretation": "Non-normal distribution"
    },
    "variance_analysis": {
      "total_variance": 238.67083333333332,
      "explained_variance_ratio": 0.25926306702360796
    }
  }
}