{
  "language": "BN # Bengali",
  "linguistic_family": "Indo-European-Bengali",
  "linguistic_subfamily": "Bengali",
  "sample_size": 120,
  "response_statistics": {
    "total_responses": 120,
    "unique_responses": 55,
    "response_entropy": 5.351210929600837,
    "most_frequent_response": "Your Answer: blue",
    "response_frequency_distribution": {
      "Your Answer: blue": 0.075,
      "Your Answer: calm": 0.075,
      "calm": 0.05,
      "Your Answer: white": 0.05,
      "Your Answer: red": 0.041666666666666664,
      "blue": 0.041666666666666664,
      "Your Answer: Blue": 0.041666666666666664,
      "Your Answer: Yellow": 0.03333333333333333,
      "Blue": 0.03333333333333333,
      "Your Answer: yellow": 0.03333333333333333,
      "happy": 0.025,
      "Your Answer: green": 0.025,
      "Red": 0.025,
      "[#008000,#00FF00]": 0.025,
      "Your Answer: happy": 0.025,
      "Yellow": 0.016666666666666666,
      "Green": 0.016666666666666666,
      "indigo": 0.016666666666666666,
      "White": 0.016666666666666666,
      "[#000080,#ADD8E6]": 0.016666666666666666,
      "angry": 0.016666666666666666,
      "Your Answer: violet": 0.016666666666666666,
      "Your Answer: Red": 0.016666666666666666,
      "[#FFFFFF,#FAFAFA]": 0.008333333333333333,
      "Your Answer: Green": 0.008333333333333333,
      "Your Answer: angry": 0.008333333333333333,
      "[#0000FF, #00B7EB]": 0.008333333333333333,
      "[#FFFF00, #FFFFE0]": 0.008333333333333333,
      "[#FF4500, #FFA500]": 0.008333333333333333,
      "Your Answer: orange": 0.008333333333333333,
      "[#FF0000, #FF4040]": 0.008333333333333333,
      "Your\n\nYour Answer: red": 0.008333333333333333,
      "[#4B0082,#800080]": 0.008333333333333333,
      "[\"#4B0082\", \"#800080\"]": 0.008333333333333333,
      "[FFFFFF, F5F5F5]": 0.008333333333333333,
      "yellow": 0.008333333333333333,
      "white": 0.008333333333333333,
      "red": 0.008333333333333333,
      "orange": 0.008333333333333333,
      "[#FF8000, #FFA500]": 0.008333333333333333,
      "[#FFD700,#FFFF00]": 0.008333333333333333,
      "Your Answer: indigo": 0.008333333333333333,
      "[4B0082,8A2BE2]": 0.008333333333333333,
      "[ #7F00FF,#EE82EE ]": 0.008333333333333333,
      "[#F0F0F0,#FFFFFF]": 0.008333333333333333,
      "[#800000,#FF0000]": 0.008333333333333333,
      "[#800080,#EE82EE]": 0.008333333333333333,
      "Orange": 0.008333333333333333,
      "[#FFA500,#FF8C00]": 0.008333333333333333,
      "[ #D80000, #FF0000 ]": 0.008333333333333333,
      "[#FFFF00,#FFFF66]": 0.008333333333333333,
      "green": 0.008333333333333333,
      "[#4B0082,#8A2BE2]": 0.008333333333333333,
      "violet": 0.008333333333333333,
      "Your Answer: White": 0.008333333333333333
    },
    "response_consistency": 0.5166666666666667,
    "lexical_diversity": 0.17269076305220885
  },
  "cognitive_patterns": {
    "semantic_clustering": {
      "emotion_words": 0.2,
      "color_words": 0.55,
      "spatial_words": 0.0,
      "quantity_words": 0.0
    },
    "response_length_statistics": {
      "mean_length": 2.075,
      "std_length": 0.9929963074788681,
      "min_length": 1,
      "max_length": 4,
      "median_length": 2.5
    },
    "code_switching_frequency": 0.0,
    "cultural_specificity_markers": {
      "formal_markers": 0.0,
      "informal_markers": 0.0,
      "cultural_concepts": 0.0
    }
  },
  "statistical_profile": {
    "descriptive_statistics": {
      "mean_response_code": 23.308333333333334,
      "std_response_code": 15.468675785456089,
      "skewness": 0.42031863795060453,
      "kurtosis": -1.098057092565239
    },
    "distribution_tests": {
      "shapiro_wilk": {
        "statistic": 0.9248681836837795,
        "p_value": 4.668502297657741e-06,
        "is_normal": false
      },
      "interpretation": "Non-normal distribution"
    },
    "variance_analysis": {
      "total_variance": 239.27993055555555,
      "explained_variance_ratio": 0.2878257208776666
    }
  }
}