{
  "language": "ES # Spanish",
  "linguistic_family": "Indo-European",
  "linguistic_subfamily": "Romance",
  "sample_size": 120,
  "response_statistics": {
    "total_responses": 120,
    "unique_responses": 58,
    "response_entropy": 5.415165696173922,
    "most_frequent_response": "Your Answer: blue",
    "response_frequency_distribution": {
      "Your Answer: blue": 0.08333333333333333,
      "calm": 0.075,
      "Your Answer: calm": 0.05,
      "Your Answer: white": 0.05,
      "Your Answer: yellow": 0.041666666666666664,
      "Your Answer: red": 0.041666666666666664,
      "blue": 0.03333333333333333,
      "Your Answer: Blue": 0.03333333333333333,
      "Blue": 0.03333333333333333,
      "yellow": 0.025,
      "violet": 0.025,
      "White": 0.025,
      "Your Answer: happy": 0.025,
      "green": 0.016666666666666666,
      "indigo": 0.016666666666666666,
      "[#008000,#00FF00]": 0.016666666666666666,
      "Red": 0.016666666666666666,
      "Your Answer: Yellow": 0.016666666666666666,
      "Your Answer: White": 0.016666666666666666,
      "happy": 0.016666666666666666,
      "Your Answer: angry": 0.016666666666666666,
      "white": 0.016666666666666666,
      "Your Answer: green": 0.016666666666666666,
      "[\"#4B0082\", \"#800080\"]": 0.008333333333333333,
      "[#4B0082,#800080]": 0.008333333333333333,
      "[#FF0000, #FF4040]": 0.008333333333333333,
      "Happy": 0.008333333333333333,
      "Yellow": 0.008333333333333333,
      "orange": 0.008333333333333333,
      "Amarillo": 0.008333333333333333,
      "Green": 0.008333333333333333,
      "[#FF4500,#FFA500]": 0.008333333333333333,
      "Azul": 0.008333333333333333,
      "[#FFFF00, #FFFFE0]": 0.008333333333333333,
      "[#0000FF,#00B7EB]": 0.008333333333333333,
      "[#F0F0F0,#FFFFFF]": 0.008333333333333333,
      "[#FFFF00, #FFFF7F]": 0.008333333333333333,
      "angry": 0.008333333333333333,
      "[\"#F0F0F0\",\"#FFFFFF\"]": 0.008333333333333333,
      "Your Answer: orange": 0.008333333333333333,
      "[#FF4500, #FFD700]": 0.008333333333333333,
      "Your Answer: [#FFD700,#FFFF00]": 0.008333333333333333,
      "[008000,00FF00]": 0.008333333333333333,
      "[#00008B,#ADD8E6]": 0.008333333333333333,
      "Your Answer: indigo": 0.008333333333333333,
      "[#4B0082,#663399]": 0.008333333333333333,
      "[#4B0082,#EE82EE]": 0.008333333333333333,
      "Your Answer: Green": 0.008333333333333333,
      "[#FFFFFF,#FFFFFF]": 0.008333333333333333,
      "red": 0.008333333333333333,
      "[#800000,#FF0000]": 0.008333333333333333,
      "Orange": 0.008333333333333333,
      "[FFA500, FF7F00]": 0.008333333333333333,
      "[ #FF0000, #8B0000 ]": 0.008333333333333333,
      "[#000080,#ADD8E6]": 0.008333333333333333,
      "[4B0082, 6A0DAD]": 0.008333333333333333,
      "[#800080,#EE82EE]": 0.008333333333333333,
      "Your Answer: Red": 0.008333333333333333
    },
    "response_consistency": 0.5416666666666666,
    "lexical_diversity": 0.20085470085470086
  },
  "cognitive_patterns": {
    "semantic_clustering": {
      "emotion_words": 0.2,
      "color_words": 0.5333333333333333,
      "spatial_words": 0.0,
      "quantity_words": 0.0
    },
    "response_length_statistics": {
      "mean_length": 1.95,
      "std_length": 0.9819198881103623,
      "min_length": 1,
      "max_length": 4,
      "median_length": 1.5
    },
    "code_switching_frequency": 0.0,
    "cultural_specificity_markers": {
      "formal_markers": 0.0,
      "informal_markers": 0.0,
      "cultural_concepts": 0.0
    }
  },
  "statistical_profile": {
    "descriptive_statistics": {
      "mean_response_code": 27.75,
      "std_response_code": 16.865769080201076,
      "skewness": 0.2680875187456981,
      "kurtosis": -1.2620051575939846
    },
    "distribution_tests": {
      "shapiro_wilk": {
        "statistic": 0.9257260364780218,
        "p_value": 5.258640263975392e-06,
        "is_normal": false
      },
      "interpretation": "Non-normal distribution"
    },
    "variance_analysis": {
      "total_variance": 284.45416666666665,
      "explained_variance_ratio": 0.3086216251069297
    }
  }
}