{
  "language": "HE # Hebrew",
  "linguistic_family": "Semitic",
  "linguistic_subfamily": "Semitic",
  "sample_size": 120,
  "response_statistics": {
    "total_responses": 120,
    "unique_responses": 52,
    "response_entropy": 5.233578614191033,
    "most_frequent_response": "Your Answer: calm",
    "response_frequency_distribution": {
      "Your Answer: calm": 0.08333333333333333,
      "Your Answer: blue": 0.075,
      "Your Answer: Blue": 0.058333333333333334,
      "Your Answer: yellow": 0.05,
      "Your Answer: white": 0.05,
      "calm": 0.041666666666666664,
      "Blue": 0.041666666666666664,
      "Your Answer: red": 0.041666666666666664,
      "red": 0.025,
      "happy": 0.025,
      "blue": 0.025,
      "Yellow": 0.025,
      "White": 0.025,
      "Your Answer: green": 0.025,
      "Your Answer: happy": 0.025,
      "angry": 0.025,
      "green": 0.025,
      "indigo": 0.025,
      "violet": 0.016666666666666666,
      "yellow": 0.016666666666666666,
      "[#4B0082,#800080]": 0.016666666666666666,
      "[#FFFFFF,#FAFAFA]": 0.008333333333333333,
      "Your Answer: Red": 0.008333333333333333,
      "Your Answer: White": 0.008333333333333333,
      "[F0F0F0,FFFFFF]": 0.008333333333333333,
      "white": 0.008333333333333333,
      "Green": 0.008333333333333333,
      "Your Answer: orange": 0.008333333333333333,
      "[#0000FF, #00B7EB]": 0.008333333333333333,
      "[#008000,#00FF00]": 0.008333333333333333,
      "[#FFFF00, #FFD700]": 0.008333333333333333,
      "[#FF4500,#FFA500]": 0.008333333333333333,
      "[#FF0000,#FF4040]": 0.008333333333333333,
      "[#FFA500, #FF8C00]": 0.008333333333333333,
      "[#800080,#EE82EE]": 0.008333333333333333,
      "[4B0082, 6A0DAD]": 0.008333333333333333,
      "orange": 0.008333333333333333,
      "[#FF6600, #FFD700]": 0.008333333333333333,
      "[#FFD700, #FFFF00]": 0.008333333333333333,
      "[\"#006400\", \"#90EE90\"]": 0.008333333333333333,
      "Your Answer: [#00008B, #ADD8E6]": 0.008333333333333333,
      "[#4B0082,#8A2BE2]": 0.008333333333333333,
      "Your Answer: violet": 0.008333333333333333,
      "[#4B0082,#EE82EE]": 0.008333333333333333,
      "[#F0F0F0,#FFFFFF]": 0.008333333333333333,
      "[#800000,#FF0000]": 0.008333333333333333,
      "Orange": 0.008333333333333333,
      "[ #FF0000, #800000 ]": 0.008333333333333333,
      "[#FFFF00,#FFFF66]": 0.008333333333333333,
      "[#008000, #00FF00]": 0.008333333333333333,
      "[#000080,#ADD8E6]": 0.008333333333333333,
      "Your Answer: Yellow": 0.008333333333333333
    },
    "response_consistency": 0.55,
    "lexical_diversity": 0.19421487603305784
  },
  "cognitive_patterns": {
    "semantic_clustering": {
      "emotion_words": 0.2,
      "color_words": 0.55,
      "spatial_words": 0.0,
      "quantity_words": 0.0
    },
    "response_length_statistics": {
      "mean_length": 2.0166666666666666,
      "std_length": 0.9914915811823898,
      "min_length": 1,
      "max_length": 4,
      "median_length": 2.0
    },
    "code_switching_frequency": 0.0,
    "cultural_specificity_markers": {
      "formal_markers": 0.0,
      "informal_markers": 0.0,
      "cultural_concepts": 0.0
    }
  },
  "statistical_profile": {
    "descriptive_statistics": {
      "mean_response_code": 22.191666666666666,
      "std_response_code": 15.754520956079736,
      "skewness": 0.4174302881351885,
      "kurtosis": -1.2822146855904344
    },
    "distribution_tests": {
      "shapiro_wilk": {
        "statistic": 0.9009340218216753,
        "p_value": 2.1911874682420871e-07,
        "is_normal": false
      },
      "interpretation": "Non-normal distribution"
    },
    "variance_analysis": {
      "total_variance": 248.20493055555556,
      "explained_variance_ratio": 0.32998429194267354
    }
  }
}