{
  "language": "IT # Italian",
  "linguistic_family": "Indo-European",
  "linguistic_subfamily": "Romance",
  "sample_size": 120,
  "response_statistics": {
    "total_responses": 120,
    "unique_responses": 50,
    "response_entropy": 5.19242356438474,
    "most_frequent_response": "Your Answer: blue",
    "response_frequency_distribution": {
      "Your Answer: blue": 0.08333333333333333,
      "Your Answer: calm": 0.075,
      "Your Answer: yellow": 0.05,
      "calm": 0.05,
      "Your Answer: red": 0.05,
      "Your Answer: Blue": 0.041666666666666664,
      "Your Answer: white": 0.041666666666666664,
      "Blue": 0.041666666666666664,
      "blue": 0.041666666666666664,
      "Your Answer: green": 0.03333333333333333,
      "violet": 0.03333333333333333,
      "[#008000,#00FF00]": 0.025,
      "Your Answer: happy": 0.025,
      "yellow": 0.025,
      "happy": 0.025,
      "Red": 0.016666666666666666,
      "Yellow": 0.016666666666666666,
      "Your Answer: angry": 0.016666666666666666,
      "white": 0.016666666666666666,
      "Your Answer: White": 0.016666666666666666,
      "indigo": 0.016666666666666666,
      "[#4B0082,#800080]": 0.016666666666666666,
      "Your Answer: orange": 0.016666666666666666,
      "[#FF4500, #FFA500]": 0.008333333333333333,
      "[#FFFF00, #FFFFE0]": 0.008333333333333333,
      "[#0000FF,#00B7EB]": 0.008333333333333333,
      "[#FF0000,#FF4040]": 0.008333333333333333,
      "Black": 0.008333333333333333,
      "Green": 0.008333333333333333,
      "[FFFFFF, F5F5F5]": 0.008333333333333333,
      "Your Answer: Red": 0.008333333333333333,
      "angry": 0.008333333333333333,
      "[#FFFFFF,#FFFFFF]": 0.008333333333333333,
      "[#800000,#FF0000]": 0.008333333333333333,
      "[#800080,#EE82EE]": 0.008333333333333333,
      "[4B0082, 6A0DAD]": 0.008333333333333333,
      "[#000080,#ADD8E6]": 0.008333333333333333,
      "green": 0.008333333333333333,
      "[#FFFF00,#FFFF66]": 0.008333333333333333,
      "[FFA500, FF7F00]": 0.008333333333333333,
      "Orange": 0.008333333333333333,
      "Your Answer: [\"#FF0000\", \"#800000\"]": 0.008333333333333333,
      "red": 0.008333333333333333,
      "[#F0F0F0,#FFFFFF]": 0.008333333333333333,
      "[ #4B0082, #EE82EE ]": 0.008333333333333333,
      "[#4B0082,#8A2BE2]": 0.008333333333333333,
      "[\"#00008B\", \"#87CEEB\"]": 0.008333333333333333,
      "[#FFD700,#FFFF00]": 0.008333333333333333,
      "[ #FF4500, #FFA500 ]": 0.008333333333333333,
      "Your Answer: Yellow": 0.008333333333333333
    },
    "response_consistency": 0.5583333333333333,
    "lexical_diversity": 0.1862348178137652
  },
  "cognitive_patterns": {
    "semantic_clustering": {
      "emotion_words": 0.2,
      "color_words": 0.55,
      "spatial_words": 0.0,
      "quantity_words": 0.0
    },
    "response_length_statistics": {
      "mean_length": 2.058333333333333,
      "std_length": 1.0107409273509322,
      "min_length": 1,
      "max_length": 4,
      "median_length": 2.0
    },
    "code_switching_frequency": 0.0,
    "cultural_specificity_markers": {
      "formal_markers": 0.0,
      "informal_markers": 0.0,
      "cultural_concepts": 0.0
    }
  },
  "statistical_profile": {
    "descriptive_statistics": {
      "mean_response_code": 22.525,
      "std_response_code": 14.577929951356834,
      "skewness": 0.4170206481862088,
      "kurtosis": -1.16179089137573
    },
    "distribution_tests": {
      "shapiro_wilk": {
        "statistic": 0.9139634390539314,
        "p_value": 1.0919195980047366e-06,
        "is_normal": false
      },
      "interpretation": "Non-normal distribution"
    },
    "variance_analysis": {
      "total_variance": 212.51604166666667,
      "explained_variance_ratio": 0.2723352681998335
    }
  }
}