{
  "language": "JA # Japanese",
  "linguistic_family": "Japonic",
  "linguistic_subfamily": "Japanese",
  "sample_size": 120,
  "response_statistics": {
    "total_responses": 120,
    "unique_responses": 55,
    "response_entropy": 5.347643951333662,
    "most_frequent_response": "Your Answer: blue",
    "response_frequency_distribution": {
      "Your Answer: blue": 0.08333333333333333,
      "Your Answer: calm": 0.06666666666666667,
      "Your Answer: red": 0.058333333333333334,
      "Your Answer: yellow": 0.05,
      "Your Answer: white": 0.041666666666666664,
      "calm": 0.041666666666666664,
      "white": 0.03333333333333333,
      "Blue": 0.03333333333333333,
      "Your Answer: Blue": 0.03333333333333333,
      "Your Answer: green": 0.03333333333333333,
      "blue": 0.03333333333333333,
      "Your Answer: happy": 0.025,
      "[#008000,#00FF00]": 0.025,
      "Your Answer: violet": 0.016666666666666666,
      "Your Answer: orange": 0.016666666666666666,
      "indigo": 0.016666666666666666,
      "Green": 0.016666666666666666,
      "White": 0.016666666666666666,
      "yellow": 0.016666666666666666,
      "Your Answer: White": 0.016666666666666666,
      "red": 0.016666666666666666,
      "happy": 0.016666666666666666,
      "Your Answer: angry": 0.016666666666666666,
      "[#F0F0F0,#FFFFFF]": 0.016666666666666666,
      "[#4B0082,#800080]": 0.008333333333333333,
      "Your Answer: Red": 0.008333333333333333,
      "[#2F0047, #4B0082]": 0.008333333333333333,
      "[#FFFF00, #FFFFE0]": 0.008333333333333333,
      "[#FF4500, #FFA500]": 0.008333333333333333,
      "[#FF0000,#FF4040]": 0.008333333333333333,
      "Red": 0.008333333333333333,
      "angry": 0.008333333333333333,
      "Yellow": 0.008333333333333333,
      "[#0000FF,#00B7EB]": 0.008333333333333333,
      "neutral": 0.008333333333333333,
      "sad": 0.008333333333333333,
      "Happy": 0.008333333333333333,
      "[FFA500, FF7F00]": 0.008333333333333333,
      "[#FFFFFF,#FFFFFF]": 0.008333333333333333,
      "[#FF0000,#FF6347]": 0.008333333333333333,
      "[#FF4500,#FFD700]": 0.008333333333333333,
      "[#FFD700,#FFFF00]": 0.008333333333333333,
      "[#0000FF,#87CEEB]": 0.008333333333333333,
      "Your Answer: indigo": 0.008333333333333333,
      "[\"#4B0082\",\"#663399\"]": 0.008333333333333333,
      "[ #7F00FF, #EE82EE ]": 0.008333333333333333,
      "Orange": 0.008333333333333333,
      "[#800080,#EE82EE]": 0.008333333333333333,
      "[#FF0000,#800000]": 0.008333333333333333,
      "[#FFFF00,#FFFF66]": 0.008333333333333333,
      "green": 0.008333333333333333,
      "[#000080,#ADD8E6]": 0.008333333333333333,
      "[#4B0082,#6A5ACD]": 0.008333333333333333,
      "violet": 0.008333333333333333,
      "Your Answer: Yellow": 0.008333333333333333
    },
    "response_consistency": 0.525,
    "lexical_diversity": 0.17695473251028807
  },
  "cognitive_patterns": {
    "semantic_clustering": {
      "emotion_words": 0.2,
      "color_words": 0.55,
      "spatial_words": 0.0,
      "quantity_words": 0.0
    },
    "response_length_statistics": {
      "mean_length": 2.025,
      "std_length": 0.9955107566805427,
      "min_length": 1,
      "max_length": 4,
      "median_length": 2.0
    },
    "code_switching_frequency": 0.0,
    "cultural_specificity_markers": {
      "formal_markers": 0.0,
      "informal_markers": 0.0,
      "cultural_concepts": 0.0
    }
  },
  "statistical_profile": {
    "descriptive_statistics": {
      "mean_response_code": 24.066666666666666,
      "std_response_code": 15.675742052256693,
      "skewness": 0.4558664922632983,
      "kurtosis": -1.056292664298465
    },
    "distribution_tests": {
      "shapiro_wilk": {
        "statistic": 0.9224677998241381,
        "p_value": 3.358840897120373e-06,
        "is_normal": false
      },
      "interpretation": "Non-normal distribution"
    },
    "variance_analysis": {
      "total_variance": 245.7288888888889,
      "explained_variance_ratio": 0.256633487635536
    }
  }
}