{
  "language": "KO # Korean",
  "linguistic_family": "Koreanic",
  "linguistic_subfamily": "Korean",
  "sample_size": 120,
  "response_statistics": {
    "total_responses": 120,
    "unique_responses": 52,
    "response_entropy": 5.2464859060379885,
    "most_frequent_response": "Your Answer: blue",
    "response_frequency_distribution": {
      "Your Answer: blue": 0.08333333333333333,
      "Your Answer: calm": 0.075,
      "Your Answer: red": 0.058333333333333334,
      "Your Answer: yellow": 0.05,
      "Your Answer: white": 0.041666666666666664,
      "blue": 0.041666666666666664,
      "calm": 0.041666666666666664,
      "white": 0.03333333333333333,
      "Your Answer: Blue": 0.03333333333333333,
      "Blue": 0.03333333333333333,
      "Your Answer: green": 0.03333333333333333,
      "Your Answer: happy": 0.03333333333333333,
      "yellow": 0.025,
      "indigo": 0.025,
      "happy": 0.016666666666666666,
      "Your Answer: angry": 0.016666666666666666,
      "Your Answer: White": 0.016666666666666666,
      "violet": 0.016666666666666666,
      "Red": 0.016666666666666666,
      "red": 0.016666666666666666,
      "[#4B0082,#800080]": 0.016666666666666666,
      "[#008000,#00FF00]": 0.016666666666666666,
      "green": 0.016666666666666666,
      "Your Answer: orange": 0.008333333333333333,
      "White": 0.008333333333333333,
      "[ #FF4500, #FFD700 ]": 0.008333333333333333,
      "[#FF0000,#FF4040]": 0.008333333333333333,
      "[#4B0082,#EE82EE]": 0.008333333333333333,
      "[#FF4500, #FFA500]": 0.008333333333333333,
      "[#FFFF00, #FFFFE0]": 0.008333333333333333,
      "sad": 0.008333333333333333,
      "Your Answer: violet": 0.008333333333333333,
      "[#F0F0F0,#FFFFFF]": 0.008333333333333333,
      "orange": 0.008333333333333333,
      "Your Answer: Red": 0.008333333333333333,
      "[#0000FF,#00B7EB]": 0.008333333333333333,
      "[#800080,#EE82EE]": 0.008333333333333333,
      "angry": 0.008333333333333333,
      "[#FFFFFF,#FFFFFF]": 0.008333333333333333,
      "[4B0082, 6A5ACD]": 0.008333333333333333,
      "[#000080, #ADD8E6]": 0.008333333333333333,
      "[#FFFF00,#FFFF66]": 0.008333333333333333,
      "[#FF0000, #800000]": 0.008333333333333333,
      "[FFA500, FF7F00]": 0.008333333333333333,
      "Orange": 0.008333333333333333,
      "[FF0000, FF6347]": 0.008333333333333333,
      "[#FFD700,#FFFF00]": 0.008333333333333333,
      "Your Answer: [008000,00FF00]": 0.008333333333333333,
      "Your Answer: [#000080,#ADD8E6]": 0.008333333333333333,
      "[#4B0082,#7B68EE]": 0.008333333333333333,
      "[#F0F0F0, #FFFFFF]": 0.008333333333333333,
      "Your Answer: Yellow": 0.008333333333333333
    },
    "response_consistency": 0.5333333333333334,
    "lexical_diversity": 0.18875502008032127
  },
  "cognitive_patterns": {
    "semantic_clustering": {
      "emotion_words": 0.2,
      "color_words": 0.55,
      "spatial_words": 0.0,
      "quantity_words": 0.0
    },
    "response_length_statistics": {
      "mean_length": 2.075,
      "std_length": 0.9760677913615086,
      "min_length": 1,
      "max_length": 4,
      "median_length": 2.5
    },
    "code_switching_frequency": 0.0,
    "cultural_specificity_markers": {
      "formal_markers": 0.0,
      "informal_markers": 0.0,
      "cultural_concepts": 0.0
    }
  },
  "statistical_profile": {
    "descriptive_statistics": {
      "mean_response_code": 23.333333333333332,
      "std_response_code": 15.393360762210296,
      "skewness": 0.3975076587339385,
      "kurtosis": -1.2165369044754981
    },
    "distribution_tests": {
      "shapiro_wilk": {
        "statistic": 0.9120269320303677,
        "p_value": 8.528524379864542e-07,
        "is_normal": false
      },
      "interpretation": "Non-normal distribution"
    },
    "variance_analysis": {
      "total_variance": 236.95555555555555,
      "explained_variance_ratio": 0.2622121384042447
    }
  }
}