{
  "language": "PS # Pashto",
  "linguistic_family": "Indo-European",
  "linguistic_subfamily": "Indo-Iranian",
  "sample_size": 120,
  "response_statistics": {
    "total_responses": 120,
    "unique_responses": 55,
    "response_entropy": 5.333374722877709,
    "most_frequent_response": "Your Answer: blue",
    "response_frequency_distribution": {
      "Your Answer: blue": 0.09166666666666666,
      "Your Answer: calm": 0.08333333333333333,
      "Your Answer: yellow": 0.05,
      "Your Answer: red": 0.05,
      "Your Answer: Blue": 0.03333333333333333,
      "Green": 0.03333333333333333,
      "Your Answer: white": 0.03333333333333333,
      "Your Answer: green": 0.03333333333333333,
      "violet": 0.03333333333333333,
      "red": 0.025,
      "happy": 0.025,
      "Yellow": 0.025,
      "Blue": 0.025,
      "Your Answer: happy": 0.025,
      "calm": 0.025,
      "[#008000, #00FF00]": 0.016666666666666666,
      "Your Answer: Red": 0.016666666666666666,
      "White": 0.016666666666666666,
      "Red": 0.016666666666666666,
      "blue": 0.016666666666666666,
      "green": 0.016666666666666666,
      "white": 0.016666666666666666,
      "indigo": 0.016666666666666666,
      "[#4B0082,#800080]": 0.016666666666666666,
      "angry": 0.008333333333333333,
      "[#FFFF00, #FFFFE0]": 0.008333333333333333,
      "[#0000FF, #00B7EB]": 0.008333333333333333,
      "Your Answer: orange": 0.008333333333333333,
      "[#FF0000, #FF4040]": 0.008333333333333333,
      "[FFFFFF, F5F5F5]": 0.008333333333333333,
      "Sad": 0.008333333333333333,
      "[#008000,#00FF00]": 0.008333333333333333,
      "Your Answer: White": 0.008333333333333333,
      "Neutral": 0.008333333333333333,
      "[#FF4500, #FFA500]": 0.008333333333333333,
      "[#FFFF00,#FFFF66]": 0.008333333333333333,
      "Angry": 0.008333333333333333,
      "Your Answer: angry": 0.008333333333333333,
      "orange": 0.008333333333333333,
      "[ #FF8000, #FFA500 ]": 0.008333333333333333,
      "[#FFD700, #FFFF00]": 0.008333333333333333,
      "[#00008B,#87CEEB]": 0.008333333333333333,
      "[#4B0082, #6A5ACD]": 0.008333333333333333,
      "[\"#800080\",\"#EE82EE\"]": 0.008333333333333333,
      "[#F0F0F0,#FFFFFF]": 0.008333333333333333,
      "[#800000,#FF0000]": 0.008333333333333333,
      "[#FFFFFF,#FAFAFA]": 0.008333333333333333,
      "Orange": 0.008333333333333333,
      "[FFA500, FF7F00]": 0.008333333333333333,
      "yellow": 0.008333333333333333,
      "[ #FF0000, #FF6347 ]": 0.008333333333333333,
      "[#000080,#ADD8E6]": 0.008333333333333333,
      "[4B0082, 6A0DAD]": 0.008333333333333333,
      "[#800080,#EE82EE]": 0.008333333333333333,
      "Your Answer: Yellow": 0.008333333333333333
    },
    "response_consistency": 0.525,
    "lexical_diversity": 0.20816326530612245
  },
  "cognitive_patterns": {
    "semantic_clustering": {
      "emotion_words": 0.2,
      "color_words": 0.55,
      "spatial_words": 0.0,
      "quantity_words": 0.0
    },
    "response_length_statistics": {
      "mean_length": 2.0416666666666665,
      "std_length": 0.9780578828587919,
      "min_length": 1,
      "max_length": 4,
      "median_length": 2.0
    },
    "code_switching_frequency": 0.0,
    "cultural_specificity_markers": {
      "formal_markers": 0.0,
      "informal_markers": 0.0,
      "cultural_concepts": 0.0
    }
  },
  "statistical_profile": {
    "descriptive_statistics": {
      "mean_response_code": 23.95,
      "std_response_code": 15.696522969541162,
      "skewness": 0.5060827327344047,
      "kurtosis": -1.0187238868513218
    },
    "distribution_tests": {
      "shapiro_wilk": {
        "statistic": 0.9125044431524925,
        "p_value": 9.061740848642844e-07,
        "is_normal": false
      },
      "interpretation": "Non-normal distribution"
    },
    "variance_analysis": {
      "total_variance": 246.3808333333333,
      "explained_variance_ratio": 0.45534854640240463
    }
  }
}