{
  "language": "SQ # Albanian",
  "linguistic_family": "Indo-European-Albanian",
  "linguistic_subfamily": "Albanian",
  "sample_size": 120,
  "response_statistics": {
    "total_responses": 120,
    "unique_responses": 52,
    "response_entropy": 5.203067751088011,
    "most_frequent_response": "Your Answer: blue",
    "response_frequency_distribution": {
      "Your Answer: blue": 0.1,
      "Your Answer: calm": 0.075,
      "Your Answer: white": 0.058333333333333334,
      "calm": 0.05,
      "Your Answer: yellow": 0.05,
      "Blue": 0.041666666666666664,
      "Your Answer: red": 0.041666666666666664,
      "Your Answer: green": 0.03333333333333333,
      "Your Answer: Blue": 0.03333333333333333,
      "happy": 0.03333333333333333,
      "[#008000,#00FF00]": 0.025,
      "blue": 0.025,
      "violet": 0.025,
      "White": 0.025,
      "indigo": 0.016666666666666666,
      "Yellow": 0.016666666666666666,
      "Red": 0.016666666666666666,
      "Green": 0.016666666666666666,
      "Your Answer: Yellow": 0.016666666666666666,
      "Your Answer: angry": 0.016666666666666666,
      "Your Answer: happy": 0.016666666666666666,
      "[#800080,#EE82EE]": 0.016666666666666666,
      "[#FF0000, #FF4040]": 0.008333333333333333,
      "white": 0.008333333333333333,
      "Your Answer: orange": 0.008333333333333333,
      "[#FF4500, #FFA500]": 0.008333333333333333,
      "[#FFFF00, #FFFFE0]": 0.008333333333333333,
      "[#0000FF,#00B7EB]": 0.008333333333333333,
      "[#4B0082,#800080]": 0.008333333333333333,
      "[FFFFFF, F5F5F5]": 0.008333333333333333,
      "angry": 0.008333333333333333,
      "Your Answer: White": 0.008333333333333333,
      "[#F0F0F0,#FFFFFF]": 0.008333333333333333,
      "[#FFFF00,#FFFF66]": 0.008333333333333333,
      "[4B0082, 6A0DAD]": 0.008333333333333333,
      "[#000080,#ADD8E6]": 0.008333333333333333,
      "orange": 0.008333333333333333,
      "[#FF4500,#FFD700]": 0.008333333333333333,
      "Your Answer: [#FFD700, #FFFF00]": 0.008333333333333333,
      "[#0000FF,#87CEEB]": 0.008333333333333333,
      "Your Answer: indigo": 0.008333333333333333,
      "[#4B0082,#663399]": 0.008333333333333333,
      "[ #8A2BE2, #9400D3 ]": 0.008333333333333333,
      "Your Answer: [#F0F0F0, #FFFFFF]": 0.008333333333333333,
      "red": 0.008333333333333333,
      "[#800000,#FF0000]": 0.008333333333333333,
      "Orange": 0.008333333333333333,
      "[#FFA500,#FF8C00]": 0.008333333333333333,
      "yellow": 0.008333333333333333,
      "[ #FF0000, #800000 ]": 0.008333333333333333,
      "green": 0.008333333333333333,
      "Your Answer: Red": 0.008333333333333333
    },
    "response_consistency": 0.575,
    "lexical_diversity": 0.17928286852589642
  },
  "cognitive_patterns": {
    "semantic_clustering": {
      "emotion_words": 0.2,
      "color_words": 0.55,
      "spatial_words": 0.0,
      "quantity_words": 0.0
    },
    "response_length_statistics": {
      "mean_length": 2.091666666666667,
      "std_length": 1.024661190616467,
      "min_length": 1,
      "max_length": 4,
      "median_length": 3.0
    },
    "code_switching_frequency": 0.0,
    "cultural_specificity_markers": {
      "formal_markers": 0.0,
      "informal_markers": 0.0,
      "cultural_concepts": 0.0
    }
  },
  "statistical_profile": {
    "descriptive_statistics": {
      "mean_response_code": 22.183333333333334,
      "std_response_code": 14.56764870831559,
      "skewness": 0.4256155391385821,
      "kurtosis": -1.0107849797827984
    },
    "distribution_tests": {
      "shapiro_wilk": {
        "statistic": 0.9286671217131238,
        "p_value": 7.95359286116279e-06,
        "is_normal": false
      },
      "interpretation": "Non-normal distribution"
    },
    "variance_analysis": {
      "total_variance": 212.21638888888887,
      "explained_variance_ratio": 0.27173915565237755
    }
  }
}