{
  "language": "SW # Swahili",
  "linguistic_family": "Niger-Congo",
  "linguistic_subfamily": "Bantu",
  "sample_size": 120,
  "response_statistics": {
    "total_responses": 120,
    "unique_responses": 54,
    "response_entropy": 5.3634208219259545,
    "most_frequent_response": "Your Answer: calm",
    "response_frequency_distribution": {
      "Your Answer: calm": 0.06666666666666667,
      "calm": 0.058333333333333334,
      "Blue": 0.058333333333333334,
      "Your Answer: Blue": 0.05,
      "Your Answer: blue": 0.05,
      "Your Answer: white": 0.041666666666666664,
      "Your Answer: yellow": 0.03333333333333333,
      "Your Answer: green": 0.03333333333333333,
      "Your Answer: red": 0.03333333333333333,
      "Your Answer: happy": 0.03333333333333333,
      "white": 0.025,
      "Yellow": 0.025,
      "Green": 0.025,
      "Your Answer: Yellow": 0.025,
      "red": 0.025,
      "blue": 0.025,
      "indigo": 0.025,
      "White": 0.016666666666666666,
      "violet": 0.016666666666666666,
      "[#008000,#00FF00]": 0.016666666666666666,
      "Your Answer: orange": 0.016666666666666666,
      "Your Answer: White": 0.016666666666666666,
      "Your Answer: angry": 0.016666666666666666,
      "[#800080,#EE82EE]": 0.016666666666666666,
      "[F0F0F0,FFFFFF]": 0.008333333333333333,
      "[#4B0082,#800080]": 0.008333333333333333,
      "Your Answer: Green": 0.008333333333333333,
      "Red": 0.008333333333333333,
      "[#0000FF, #00B7EB]": 0.008333333333333333,
      "[#FFFF00, #FFFFE0]": 0.008333333333333333,
      "happy": 0.008333333333333333,
      "[#FFFFFF, #FAFAFA]": 0.008333333333333333,
      "Happy": 0.008333333333333333,
      "angry": 0.008333333333333333,
      "[#FF4500,#FFA500]": 0.008333333333333333,
      "[#FF0000, #FF4040]": 0.008333333333333333,
      "[#FFA500, #FF8C00]": 0.008333333333333333,
      "[#4B0082,#6A5ACD]": 0.008333333333333333,
      "[#7F00FF,#EE82EE]": 0.008333333333333333,
      "[ #FF8000, #FFA500 ]": 0.008333333333333333,
      "[#FFD700,#FFFF00]": 0.008333333333333333,
      "Your Answer: [#008000,#00FF00]": 0.008333333333333333,
      "[#0000FF, #ADD8E6]": 0.008333333333333333,
      "[ #4B0082, #7B68EE ]": 0.008333333333333333,
      "Your Answer: violet": 0.008333333333333333,
      "[#F0F0F0,#FFFFFF]": 0.008333333333333333,
      "[#000080,#ADD8E6]": 0.008333333333333333,
      "[#800000,#FF0000]": 0.008333333333333333,
      "Orange": 0.008333333333333333,
      "[ #FF0000, #800000 ]": 0.008333333333333333,
      "yellow": 0.008333333333333333,
      "[#FFFF00, #FFD700]": 0.008333333333333333,
      "green": 0.008333333333333333,
      "Your Answer: Red": 0.008333333333333333
    },
    "response_consistency": 0.5416666666666667,
    "lexical_diversity": 0.18032786885245902
  },
  "cognitive_patterns": {
    "semantic_clustering": {
      "emotion_words": 0.2,
      "color_words": 0.55,
      "spatial_words": 0.0,
      "quantity_words": 0.0
    },
    "response_length_statistics": {
      "mean_length": 2.033333333333333,
      "std_length": 1.0077477638553984,
      "min_length": 1,
      "max_length": 4,
      "median_length": 2.0
    },
    "code_switching_frequency": 0.0,
    "cultural_specificity_markers": {
      "formal_markers": 0.0,
      "informal_markers": 0.0,
      "cultural_concepts": 0.0
    }
  },
  "statistical_profile": {
    "descriptive_statistics": {
      "mean_response_code": 23.425,
      "std_response_code": 16.179545986625623,
      "skewness": 0.37836388025382334,
      "kurtosis": -1.1570395962992417
    },
    "distribution_tests": {
      "shapiro_wilk": {
        "statistic": 0.9210624833275926,
        "p_value": 2.7770720692559546e-06,
        "is_normal": false
      },
      "interpretation": "Non-normal distribution"
    },
    "variance_analysis": {
      "total_variance": 261.77770833333335,
      "explained_variance_ratio": 0.3847868689745552
    }
  }
}