{
  "language": "TH # Thai",
  "linguistic_family": "Tai-Kadai",
  "linguistic_subfamily": "Tai",
  "sample_size": 120,
  "response_statistics": {
    "total_responses": 120,
    "unique_responses": 47,
    "response_entropy": 5.131506530949991,
    "most_frequent_response": "Your Answer: blue",
    "response_frequency_distribution": {
      "Your Answer: blue": 0.08333333333333333,
      "Your Answer: calm": 0.075,
      "Your Answer: red": 0.05,
      "Your Answer: yellow": 0.05,
      "blue": 0.05,
      "calm": 0.05,
      "white": 0.041666666666666664,
      "Your Answer: white": 0.041666666666666664,
      "Your Answer: Blue": 0.03333333333333333,
      "yellow": 0.03333333333333333,
      "Blue": 0.025,
      "Your Answer: green": 0.025,
      "Your Answer: happy": 0.025,
      "happy": 0.025,
      "red": 0.025,
      "green": 0.025,
      "[#008000,#00FF00]": 0.025,
      "violet": 0.025,
      "Your Answer: angry": 0.016666666666666666,
      "[#FF4500, #FFA500]": 0.016666666666666666,
      "Yellow": 0.016666666666666666,
      "[#4B0082,#800080]": 0.016666666666666666,
      "indigo": 0.016666666666666666,
      "Your Answer: orange": 0.016666666666666666,
      "[FFFFFF, F5F5F5]": 0.008333333333333333,
      "[#800080,#EE82EE]": 0.008333333333333333,
      "[#0000FF,#00B7EB]": 0.008333333333333333,
      "[#FFFF00, #FFFFE0]": 0.008333333333333333,
      "[#FF0000,#FF4040]": 0.008333333333333333,
      "Your Answer: White": 0.008333333333333333,
      "angry": 0.008333333333333333,
      "Your Answer: Red": 0.008333333333333333,
      "[#FFFFFF,#FFFFFF]": 0.008333333333333333,
      "[ #F0F0F0, #FFFFFF ]": 0.008333333333333333,
      "[4B0082, 6A5ACD]": 0.008333333333333333,
      "[#000080,#ADD8E6]": 0.008333333333333333,
      "[#FFFF00,#FFFF66]": 0.008333333333333333,
      "[FFA500, FF7F00]": 0.008333333333333333,
      "orange": 0.008333333333333333,
      "[#800000,#FF0000]": 0.008333333333333333,
      "[#FFD700, #FFFF00]": 0.008333333333333333,
      "[ #800000, #FF0000 ]": 0.008333333333333333,
      "[\"#000080\", \"#87CEEB\"]": 0.008333333333333333,
      "Your Answer: indigo": 0.008333333333333333,
      "[#4B0082,#8A2BE2]": 0.008333333333333333,
      "[#9400D3, #EE82EE]": 0.008333333333333333,
      "Your Answer: Yellow": 0.008333333333333333
    },
    "response_consistency": 0.5666666666666667,
    "lexical_diversity": 0.18518518518518517
  },
  "cognitive_patterns": {
    "semantic_clustering": {
      "emotion_words": 0.2,
      "color_words": 0.55,
      "spatial_words": 0.0,
      "quantity_words": 0.0
    },
    "response_length_statistics": {
      "mean_length": 2.025,
      "std_length": 0.9871043511199817,
      "min_length": 1,
      "max_length": 4,
      "median_length": 2.0
    },
    "code_switching_frequency": 0.0,
    "cultural_specificity_markers": {
      "formal_markers": 0.0,
      "informal_markers": 0.0,
      "cultural_concepts": 0.0
    }
  },
  "statistical_profile": {
    "descriptive_statistics": {
      "mean_response_code": 21.875,
      "std_response_code": 14.862459699973398,
      "skewness": 0.2621198428898716,
      "kurtosis": -1.4603631879887466
    },
    "distribution_tests": {
      "shapiro_wilk": {
        "statistic": 0.8986858386829435,
        "p_value": 1.6819617569847608e-07,
        "is_normal": false
      },
      "interpretation": "Non-normal distribution"
    },
    "variance_analysis": {
      "total_variance": 220.89270833333333,
      "explained_variance_ratio": 0.22492273079426112
    }
  }
}