{
  "language": "ZH # Mandarin",
  "linguistic_family": "Sino-Tibetan",
  "linguistic_subfamily": "Chinese",
  "sample_size": 120,
  "response_statistics": {
    "total_responses": 120,
    "unique_responses": 51,
    "response_entropy": 5.262320360598009,
    "most_frequent_response": "Your Answer: blue",
    "response_frequency_distribution": {
      "Your Answer: blue": 0.08333333333333333,
      "Your Answer: red": 0.06666666666666667,
      "calm": 0.058333333333333334,
      "Your Answer: calm": 0.05,
      "blue": 0.041666666666666664,
      "Your Answer: white": 0.041666666666666664,
      "Your Answer: yellow": 0.041666666666666664,
      "Your Answer: happy": 0.041666666666666664,
      "Your Answer: Blue": 0.03333333333333333,
      "Your Answer: green": 0.025,
      "Blue": 0.025,
      "Your Answer: Red": 0.025,
      "white": 0.025,
      "indigo": 0.025,
      "Red": 0.025,
      "orange": 0.016666666666666666,
      "White": 0.016666666666666666,
      "[#008000,#00FF00]": 0.016666666666666666,
      "green": 0.016666666666666666,
      "yellow": 0.016666666666666666,
      "[#000080,#ADD8E6]": 0.016666666666666666,
      "[#4B0082,#800080]": 0.016666666666666666,
      "sad": 0.016666666666666666,
      "Green": 0.016666666666666666,
      "violet": 0.016666666666666666,
      "happy": 0.016666666666666666,
      "[#0000FF, #00B7EB]": 0.008333333333333333,
      "[#FFFF00, #FFFFE0]": 0.008333333333333333,
      "[#FF4500, #FFA500]": 0.008333333333333333,
      "Your Answer: violet": 0.008333333333333333,
      "Your Answer: orange": 0.008333333333333333,
      "[FFFFFF, F5F5F5]": 0.008333333333333333,
      "Your Answer: angry": 0.008333333333333333,
      "[#FF0000, #FF4040]": 0.008333333333333333,
      "Your Answer: White": 0.008333333333333333,
      "[4B0082, 6A0DAD]": 0.008333333333333333,
      "Yellow": 0.008333333333333333,
      "angry": 0.008333333333333333,
      "[#FFFFFF,#FFFFFF]": 0.008333333333333333,
      "[#800080,#EE82EE]": 0.008333333333333333,
      "[#FFFF00,#FFFF66]": 0.008333333333333333,
      "[#800000, #FF0000]": 0.008333333333333333,
      "[#800000,#FF0000]": 0.008333333333333333,
      "red": 0.008333333333333333,
      "[ #FF4500, #FFA500 ]": 0.008333333333333333,
      "[ #FFD700, #FFFF00 ]": 0.008333333333333333,
      "[ #006400, #00FF00 ]": 0.008333333333333333,
      "[#F0F0F0,#FFFFFF]": 0.008333333333333333,
      "Your Answer: [\"#9400D3\", \"#EE82EE\"]": 0.008333333333333333,
      "[ #4B0082, #9370DB ]": 0.008333333333333333,
      "[FFA500, FF7F00]": 0.008333333333333333
    },
    "response_consistency": 0.5083333333333334,
    "lexical_diversity": 0.20080321285140562
  },
  "cognitive_patterns": {
    "semantic_clustering": {
      "emotion_words": 0.2,
      "color_words": 0.55,
      "spatial_words": 0.0,
      "quantity_words": 0.0
    },
    "response_length_statistics": {
      "mean_length": 2.075,
      "std_length": 1.0260157568640618,
      "min_length": 1,
      "max_length": 4,
      "median_length": 2.0
    },
    "code_switching_frequency": 0.0,
    "cultural_specificity_markers": {
      "formal_markers": 0.0,
      "informal_markers": 0.0,
      "cultural_concepts": 0.0
    }
  },
  "statistical_profile": {
    "descriptive_statistics": {
      "mean_response_code": 22.641666666666666,
      "std_response_code": 15.195830477104202,
      "skewness": 0.353302576071628,
      "kurtosis": -1.2933246714855096
    },
    "distribution_tests": {
      "shapiro_wilk": {
        "statistic": 0.9129209269806406,
        "p_value": 9.55541866412713e-07,
        "is_normal": false
      },
      "interpretation": "Non-normal distribution"
    },
    "variance_analysis": {
      "total_variance": 230.9132638888889,
      "explained_variance_ratio": 0.3255617661816033
    }
  }
}