NounCategory,DistanceType,Mean,Median,StdDev,Min,Max,Count
Social Relationships,Cosine,0.025074696280872062,0.018081000074744225,0.02149057228389748,0.0,0.1310340017080307,3312
Social Relationships,Jaccard,0.2643367502063154,0.18181818181818177,0.15163192364653919,0.0,0.7333333333333334,3312
