,sum_sq,df,F,PR(>F)
C(NounCategory),6.689376899584822,11.0,1139.541511635327,0.0
Residual,21.20329019574378,39732.0,,
