,sum_sq,df,F,PR(>F)
C(NounCategory),185.1476191993656,11.0,752.650688647712,0.0
Residual,888.530643278435,39732.0,,
