NounCategory,DistanceType,Mean,Median,StdDev,Min,Max,Count
Cultural Artifacts,Cosine,0.0168130920256279,0.017237000167369843,0.013109522933918361,0.0,0.07646399736404419,3312
Cultural Artifacts,Jaccard,0.1744157613722831,0.18181818181818177,0.12077045946616076,0.0,0.5714285714285714,3312
