pearson_r,pearson_p,spearman_r,spearman_p,cosine_mean,cosine_std,cosine_min,cosine_max,cosine_median,jaccard_mean,jaccard_std,jaccard_min,jaccard_max,jaccard_median,sample_size
0.9331418969271045,0.0,0.9359392420064442,0.0,0.027062325453585438,0.01845214546832701,0.0,0.10806799679994583,0.022752000018954277,0.2579700894918286,0.1394616419525453,0.0,0.6666666666666667,0.18181818181818177,3312
