pearson_r,pearson_p,spearman_r,spearman_p,cosine_mean,cosine_std,cosine_min,cosine_max,cosine_median,jaccard_mean,jaccard_std,jaccard_min,jaccard_max,jaccard_median,sample_size
0.9560141017006863,0.0,0.9479280561003693,0.0,0.02815970889492362,0.0215254239021904,0.0,0.11861900240182877,0.020457999780774117,0.23531136234940583,0.15537678758016238,0.0,0.75,0.18181818181818177,3312
