NounCategory,DistanceType,Mean,Median,StdDev,Min,Max,Count
Time Concepts,Cosine,0.02694963559097944,0.01851700060069561,0.024905107338830584,0.0,0.15060299634933472,3312
Time Concepts,Jaccard,0.23490526683461466,0.18181818181818177,0.16979044330818308,0.0,0.75,3312
