,sum_sq,df,F,PR(>F)
C(NounCategory),4.975635501735394,11.0,887.6534886485605,0.0
Residual,20.246634145076527,39732.0,,
