,sum_sq,df,F,PR(>F)
C(NounCategory),139.4849027683003,11.0,534.236419252076,0.0
Residual,943.0646257783051,39732.0,,
