NounCategory,DistanceType,Mean,Median,StdDev,Min,Max,Count
Environmental Phenomena,Cosine,0.025672179038445854,0.022901499643921852,0.017800816829665538,0.0,0.09943000227212906,3312
Environmental Phenomena,Jaccard,0.2668100568915786,0.33333333333333337,0.154735346322732,0.0,0.75,3312
