pearson_r,pearson_p,spearman_r,spearman_p,cosine_mean,cosine_std,cosine_min,cosine_max,cosine_median,jaccard_mean,jaccard_std,jaccard_min,jaccard_max,jaccard_median,sample_size
0.9316600289030962,0.0,0.9534276443870902,0.0,0.017087250876095392,0.017802014555069585,0.0,0.09254900366067886,0.01576399989426136,0.1650837085619694,0.1473903723227646,0.0,0.5714285714285714,0.18181818181818177,3312
