pearson_r,pearson_p,spearman_r,spearman_p,cosine_mean,cosine_std,cosine_min,cosine_max,cosine_median,jaccard_mean,jaccard_std,jaccard_min,jaccard_max,jaccard_median,sample_size
0.9236875696878993,0.0,0.9557361286927115,0.0,0.033853960780813486,0.030369351504814925,0.0,0.233815997838974,0.023073000833392143,0.27765200071785745,0.1807263334399245,0.0,0.8235294117647058,0.18181818181818177,3312
