pearson_r,pearson_p,spearman_r,spearman_p,cosine_mean,cosine_std,cosine_min,cosine_max,cosine_median,jaccard_mean,jaccard_std,jaccard_min,jaccard_max,jaccard_median,sample_size
0.9261044900987043,0.0,0.961510764101965,0.0,0.046927677263787194,0.035163728614186276,0.0,0.20040099322795868,0.040986500680446625,0.35549809578741803,0.19016153680279324,0.0,0.8235294117647058,0.33333333333333337,3312
