pearson_r,pearson_p,spearman_r,spearman_p,cosine_mean,cosine_std,cosine_min,cosine_max,cosine_median,jaccard_mean,jaccard_std,jaccard_min,jaccard_max,jaccard_median,sample_size
0.9522546037459835,0.0,0.9620704347690155,0.0,0.03444165068347667,0.02632303124376462,0.0,0.14737699925899506,0.037362001836299896,0.2822079289470594,0.18009584474970325,0.0,0.75,0.33333333333333337,3312
