{
  "overall_diversity_metrics": {
    "overall_entropy": 1.2606308964235935,
    "mean_language_entropy": 1.2576504037694292,
    "entropy_variance": 0.00014264875925571073,
    "diversity_index": 1.0023698896332647
  },
  "pairwise_language_similarities": {
    "AR # Arabic_vs_BN # Bengali": 1.0,
    "AR # Arabic_vs_DE # German": 1.0,
    "AR # Arabic_vs_ES # Spanish": 0.8823529411764706,
    "AR # Arabic_vs_FA # Persian": 0.8823529411764706,
    "AR # Arabic_vs_FR # French": 0.8823529411764706,
    "AR # Arabic_vs_GA # Irish": 0.8823529411764706,
    "AR # Arabic_vs_HE # Hebrew": 1.0,
    "AR # Arabic_vs_HI # Hindi": 1.0,
    "AR # Arabic_vs_IT # Italian": 0.8823529411764706,
    "AR # Arabic_vs_JA # Japanese": 0.8823529411764706,
    "AR # Arabic_vs_KO # Korean": 0.8823529411764706,
    "AR # Arabic_vs_LV # Latvian": 1.0,
    "AR # Arabic_vs_PL # Polish": 1.0,
    "AR # Arabic_vs_PS # Pashto": 0.8823529411764706,
    "AR # Arabic_vs_PT # Portuguese": 1.0,
    "AR # Arabic_vs_RU # Russian": 1.0,
    "AR # Arabic_vs_SQ # Albanian": 0.8823529411764706,
    "AR # Arabic_vs_SW # Swahili": 0.8823529411764706,
    "AR # Arabic_vs_TH # Thai": 1.0,
    "AR # Arabic_vs_TR # Turkish": 0.8823529411764706,
    "AR # Arabic_vs_UR # Urdu": 0.8823529411764706,
    "AR # Arabic_vs_VI # Vietnamese": 0.8823529411764706,
    "AR # Arabic_vs_ZH # Mandarin": 0.8823529411764706,
    "BN # Bengali_vs_DE # German": 1.0,
    "BN # Bengali_vs_ES # Spanish": 0.8823529411764706,
    "BN # Bengali_vs_FA # Persian": 0.8823529411764706,
    "BN # Bengali_vs_FR # French": 0.8823529411764706,
    "BN # Bengali_vs_GA # Irish": 0.8823529411764706,
    "BN # Bengali_vs_HE # Hebrew": 1.0,
    "BN # Bengali_vs_HI # Hindi": 1.0,
    "BN # Bengali_vs_IT # Italian": 0.8823529411764706,
    "BN # Bengali_vs_JA # Japanese": 0.8823529411764706,
    "BN # Bengali_vs_KO # Korean": 0.8823529411764706,
    "BN # Bengali_vs_LV # Latvian": 1.0,
    "BN # Bengali_vs_PL # Polish": 1.0,
    "BN # Bengali_vs_PS # Pashto": 0.8823529411764706,
    "BN # Bengali_vs_PT # Portuguese": 1.0,
    "BN # Bengali_vs_RU # Russian": 1.0,
    "BN # Bengali_vs_SQ # Albanian": 0.8823529411764706,
    "BN # Bengali_vs_SW # Swahili": 0.8823529411764706,
    "BN # Bengali_vs_TH # Thai": 1.0,
    "BN # Bengali_vs_TR # Turkish": 0.8823529411764706,
    "BN # Bengali_vs_UR # Urdu": 0.8823529411764706,
    "BN # Bengali_vs_VI # Vietnamese": 0.8823529411764706,
    "BN # Bengali_vs_ZH # Mandarin": 0.8823529411764706,
    "DE # German_vs_ES # Spanish": 0.8823529411764706,
    "DE # German_vs_FA # Persian": 0.8823529411764706,
    "DE # German_vs_FR # French": 0.8823529411764706,
    "DE # German_vs_GA # Irish": 0.8823529411764706,
    "DE # German_vs_HE # Hebrew": 1.0,
    "DE # German_vs_HI # Hindi": 1.0,
    "DE # German_vs_IT # Italian": 0.8823529411764706,
    "DE # German_vs_JA # Japanese": 0.8823529411764706,
    "DE # German_vs_KO # Korean": 0.8823529411764706,
    "DE # German_vs_LV # Latvian": 1.0,
    "DE # German_vs_PL # Polish": 1.0,
    "DE # German_vs_PS # Pashto": 0.8823529411764706,
    "DE # German_vs_PT # Portuguese": 1.0,
    "DE # German_vs_RU # Russian": 1.0,
    "DE # German_vs_SQ # Albanian": 0.8823529411764706,
    "DE # German_vs_SW # Swahili": 0.8823529411764706,
    "DE # German_vs_TH # Thai": 1.0,
    "DE # German_vs_TR # Turkish": 0.8823529411764706,
    "DE # German_vs_UR # Urdu": 0.8823529411764706,
    "DE # German_vs_VI # Vietnamese": 0.8823529411764706,
    "DE # German_vs_ZH # Mandarin": 0.8823529411764706,
    "ES # Spanish_vs_FA # Persian": 1.0,
    "ES # Spanish_vs_FR # French": 1.0,
    "ES # Spanish_vs_GA # Irish": 1.0,
    "ES # Spanish_vs_HE # Hebrew": 0.8823529411764706,
    "ES # Spanish_vs_HI # Hindi": 0.8823529411764706,
    "ES # Spanish_vs_IT # Italian": 1.0,
    "ES # Spanish_vs_JA # Japanese": 1.0,
    "ES # Spanish_vs_KO # Korean": 1.0,
    "ES # Spanish_vs_LV # Latvian": 0.8823529411764706,
    "ES # Spanish_vs_PL # Polish": 0.8823529411764706,
    "ES # Spanish_vs_PS # Pashto": 1.0,
    "ES # Spanish_vs_PT # Portuguese": 0.8823529411764706,
    "ES # Spanish_vs_RU # Russian": 0.8823529411764706,
    "ES # Spanish_vs_SQ # Albanian": 1.0,
    "ES # Spanish_vs_SW # Swahili": 1.0,
    "ES # Spanish_vs_TH # Thai": 0.8823529411764706,
    "ES # Spanish_vs_TR # Turkish": 1.0,
    "ES # Spanish_vs_UR # Urdu": 1.0,
    "ES # Spanish_vs_VI # Vietnamese": 1.0,
    "ES # Spanish_vs_ZH # Mandarin": 1.0,
    "FA # Persian_vs_FR # French": 1.0,
    "FA # Persian_vs_GA # Irish": 1.0,
    "FA # Persian_vs_HE # Hebrew": 0.8823529411764706,
    "FA # Persian_vs_HI # Hindi": 0.8823529411764706,
    "FA # Persian_vs_IT # Italian": 1.0,
    "FA # Persian_vs_JA # Japanese": 1.0,
    "FA # Persian_vs_KO # Korean": 1.0,
    "FA # Persian_vs_LV # Latvian": 0.8823529411764706,
    "FA # Persian_vs_PL # Polish": 0.8823529411764706,
    "FA # Persian_vs_PS # Pashto": 1.0,
    "FA # Persian_vs_PT # Portuguese": 0.8823529411764706,
    "FA # Persian_vs_RU # Russian": 0.8823529411764706,
    "FA # Persian_vs_SQ # Albanian": 1.0,
    "FA # Persian_vs_SW # Swahili": 1.0,
    "FA # Persian_vs_TH # Thai": 0.8823529411764706,
    "FA # Persian_vs_TR # Turkish": 1.0,
    "FA # Persian_vs_UR # Urdu": 1.0,
    "FA # Persian_vs_VI # Vietnamese": 1.0,
    "FA # Persian_vs_ZH # Mandarin": 1.0,
    "FR # French_vs_GA # Irish": 1.0,
    "FR # French_vs_HE # Hebrew": 0.8823529411764706,
    "FR # French_vs_HI # Hindi": 0.8823529411764706,
    "FR # French_vs_IT # Italian": 1.0,
    "FR # French_vs_JA # Japanese": 1.0,
    "FR # French_vs_KO # Korean": 1.0,
    "FR # French_vs_LV # Latvian": 0.8823529411764706,
    "FR # French_vs_PL # Polish": 0.8823529411764706,
    "FR # French_vs_PS # Pashto": 1.0,
    "FR # French_vs_PT # Portuguese": 0.8823529411764706,
    "FR # French_vs_RU # Russian": 0.8823529411764706,
    "FR # French_vs_SQ # Albanian": 1.0,
    "FR # French_vs_SW # Swahili": 1.0,
    "FR # French_vs_TH # Thai": 0.8823529411764706,
    "FR # French_vs_TR # Turkish": 1.0,
    "FR # French_vs_UR # Urdu": 1.0,
    "FR # French_vs_VI # Vietnamese": 1.0,
    "FR # French_vs_ZH # Mandarin": 1.0,
    "GA # Irish_vs_HE # Hebrew": 0.8823529411764706,
    "GA # Irish_vs_HI # Hindi": 0.8823529411764706,
    "GA # Irish_vs_IT # Italian": 1.0,
    "GA # Irish_vs_JA # Japanese": 1.0,
    "GA # Irish_vs_KO # Korean": 1.0,
    "GA # Irish_vs_LV # Latvian": 0.8823529411764706,
    "GA # Irish_vs_PL # Polish": 0.8823529411764706,
    "GA # Irish_vs_PS # Pashto": 1.0,
    "GA # Irish_vs_PT # Portuguese": 0.8823529411764706,
    "GA # Irish_vs_RU # Russian": 0.8823529411764706,
    "GA # Irish_vs_SQ # Albanian": 1.0,
    "GA # Irish_vs_SW # Swahili": 1.0,
    "GA # Irish_vs_TH # Thai": 0.8823529411764706,
    "GA # Irish_vs_TR # Turkish": 1.0,
    "GA # Irish_vs_UR # Urdu": 1.0,
    "GA # Irish_vs_VI # Vietnamese": 1.0,
    "GA # Irish_vs_ZH # Mandarin": 1.0,
    "HE # Hebrew_vs_HI # Hindi": 1.0,
    "HE # Hebrew_vs_IT # Italian": 0.8823529411764706,
    "HE # Hebrew_vs_JA # Japanese": 0.8823529411764706,
    "HE # Hebrew_vs_KO # Korean": 0.8823529411764706,
    "HE # Hebrew_vs_LV # Latvian": 1.0,
    "HE # Hebrew_vs_PL # Polish": 1.0,
    "HE # Hebrew_vs_PS # Pashto": 0.8823529411764706,
    "HE # Hebrew_vs_PT # Portuguese": 1.0,
    "HE # Hebrew_vs_RU # Russian": 1.0,
    "HE # Hebrew_vs_SQ # Albanian": 0.8823529411764706,
    "HE # Hebrew_vs_SW # Swahili": 0.8823529411764706,
    "HE # Hebrew_vs_TH # Thai": 1.0,
    "HE # Hebrew_vs_TR # Turkish": 0.8823529411764706,
    "HE # Hebrew_vs_UR # Urdu": 0.8823529411764706,
    "HE # Hebrew_vs_VI # Vietnamese": 0.8823529411764706,
    "HE # Hebrew_vs_ZH # Mandarin": 0.8823529411764706,
    "HI # Hindi_vs_IT # Italian": 0.8823529411764706,
    "HI # Hindi_vs_JA # Japanese": 0.8823529411764706,
    "HI # Hindi_vs_KO # Korean": 0.8823529411764706,
    "HI # Hindi_vs_LV # Latvian": 1.0,
    "HI # Hindi_vs_PL # Polish": 1.0,
    "HI # Hindi_vs_PS # Pashto": 0.8823529411764706,