pearson_r,pearson_p,spearman_r,spearman_p,cosine_mean,cosine_std,cosine_min,cosine_max,cosine_median,jaccard_mean,jaccard_std,jaccard_min,jaccard_max,jaccard_median,sample_size
0.9211663338247299,0.0,0.9507823486201592,0.0,0.02583253792894971,0.024922566122104604,0.0,0.21737700700759888,0.019135000184178352,0.2308223586041325,0.17156792859079706,0.0,0.8888888888888888,0.18181818181818177,39744
