NounCategory,DistanceType,Mean,Median,StdDev,Min,Max,Count
Abstract Concepts,Cosine,0.028226309514056053,0.021185999736189842,0.024572248324927874,0.0,0.16308200359344482,3312
Abstract Concepts,Jaccard,0.2533411133954612,0.18181818181818177,0.17646118605933325,0.0,0.75,3312
