pearson_r,pearson_p,spearman_r,spearman_p,cosine_mean,cosine_std,cosine_min,cosine_max,cosine_median,jaccard_mean,jaccard_std,jaccard_min,jaccard_max,jaccard_median,sample_size
0.8694352376449759,0.0,0.9089812336236349,0.0,0.01619227867191405,0.015237916290132452,0.0,0.072503000497818,0.017839999869465828,0.1847877364181712,0.1395122606905393,0.0,0.5714285714285714,0.18181818181818177,3312
