pearson_r,pearson_p,spearman_r,spearman_p,cosine_mean,cosine_std,cosine_min,cosine_max,cosine_median,jaccard_mean,jaccard_std,jaccard_min,jaccard_max,jaccard_median,sample_size
0.934215901591177,0.0,0.9607604413398378,0.0,0.059811521849748805,0.038832690763683377,0.0,0.21737700700759888,0.05477999895811081,0.42004601816515713,0.19689256006451886,0.0,0.8888888888888888,0.46153846153846156,3312
