pearson_r,pearson_p,spearman_r,spearman_p,cosine_mean,cosine_std,cosine_min,cosine_max,cosine_median,jaccard_mean,jaccard_std,jaccard_min,jaccard_max,jaccard_median,sample_size
0.9424576501053044,0.0,0.9463182367739847,0.0,0.017120539590522735,0.016744108709737617,0.0,0.10070499777793884,0.015224999748170376,0.16640444901314466,0.1359077762661549,0.0,0.5714285714285714,0.18181818181818177,3312
