,sum_sq,df,F,PR(>F)
C(NounCategory),155.39610721933278,11.0,553.2895525464415,0.0
Residual,1014.4611202090553,39732.0,,
