,sum_sq,df,F,PR(>F)
C(NounCategory),4.646083811619896,11.0,837.4222638105467,0.0
Residual,20.039656757164558,39732.0,,
