NounCategory,DistanceType,Mean,Median,StdDev,Min,Max,Count
Abstract Concepts,Cosine,0.025683501835693755,0.021435500122606754,0.018230488956943645,0.0,0.10548999905586243,3312
Abstract Concepts,Jaccard,0.24849586806108545,0.18181818181818177,0.14397228805391513,0.0,0.6666666666666667,3312
