NounCategory,DistanceType,Mean,Median,StdDev,Min,Max,Count
Time Concepts,Cosine,0.05645485929211215,0.05388199910521507,0.03291214770484774,0.0,0.19021600484848022,3312
Time Concepts,Jaccard,0.39588710492642715,0.33333333333333337,0.16852350163363572,0.0,0.8235294117647058,3312
