NounCategory,DistanceType,Mean,Median,StdDev,Min,Max,Count
Cultural Artifacts,Cosine,0.022501495822593264,0.020230000838637352,0.019890999376248143,0.0,0.09999199956655502,3312
Cultural Artifacts,Jaccard,0.21575857717162067,0.18181818181818177,0.16320866155384986,0.0,0.6666666666666667,3312
