NounCategory,DistanceType,Mean,Median,StdDev,Min,Max,Count
Spatial Concepts,Cosine,0.05831806824397587,0.0454070009291172,0.04613068188265231,0.0,0.2982819974422455,3312
Spatial Concepts,Jaccard,0.383358482696101,0.33333333333333337,0.19128022281663074,0.0,0.9473684210526316,3312
