NounCategory,DistanceType,Mean,Median,StdDev,Min,Max,Count
Human Roles,Cosine,0.03342516603992109,0.02902499958872795,0.02440459944377898,0.0,0.15076200664043427,3312
Human Roles,Jaccard,0.29682022888544624,0.33333333333333337,0.14717191299388185,0.0,0.75,3312
