NounCategory,DistanceType,Mean,Median,StdDev,Min,Max,Count
Neutral Animals,Cosine,0.02191568088160811,0.01887200027704239,0.017784117833980366,0.0,0.09960400313138962,3312
Neutral Animals,Jaccard,0.23236264540612364,0.18181818181818177,0.14695458430962763,0.0,0.6666666666666667,3312
