pearson_r,pearson_p,spearman_r,spearman_p,cosine_mean,cosine_std,cosine_min,cosine_max,cosine_median,jaccard_mean,jaccard_std,jaccard_min,jaccard_max,jaccard_median,sample_size
0.9467839959672463,0.0,0.9074104266672407,0.0,0.01891334870623784,0.015087128497148676,0.0,0.08777199685573578,0.019267000257968903,0.17542471618558572,0.1211756384745814,0.0,0.5714285714285714,0.18181818181818177,3312
