NounCategory,DistanceType,Mean,Median,StdDev,Min,Max,Count
Social Relationships,Cosine,0.02011849424782085,0.01772149931639433,0.016633387643808884,0.0,0.09668000042438507,3312
Social Relationships,Jaccard,0.21525692503953373,0.18181818181818177,0.1446007246189255,0.0,0.6666666666666667,3312
