pearson_r,pearson_p,spearman_r,spearman_p,cosine_mean,cosine_std,cosine_min,cosine_max,cosine_median,jaccard_mean,jaccard_std,jaccard_min,jaccard_max,jaccard_median,sample_size
0.9295390813565012,0.0,0.9349771010876712,0.0,0.02011849424782085,0.016633387643808884,0.0,0.09668000042438507,0.01772149931639433,0.21525692503953373,0.1446007246189255,0.0,0.6666666666666667,0.18181818181818177,3312
