pearson_r,pearson_p,spearman_r,spearman_p,cosine_mean,cosine_std,cosine_min,cosine_max,cosine_median,jaccard_mean,jaccard_std,jaccard_min,jaccard_max,jaccard_median,sample_size
0.9219797232607361,0.0,0.9504543521674771,0.0,0.026626485271621946,0.024096183927937193,0.0,0.233815997838974,0.020253999158740044,0.24116117409022886,0.1674740389952183,0.0,0.8235294117647058,0.18181818181818177,39744
