NounCategory,DistanceType,Mean,Median,StdDev,Min,Max,Count
Environmental Phenomena,Cosine,0.012107519020429875,0.012551000341773033,0.012568329007933464,0.0,0.06821999698877335,3312
Environmental Phenomena,Jaccard,0.14110165197121716,0.18181818181818177,0.12759770595087122,0.0,0.46153846153846156,3312
