NounCategory,DistanceType,Mean,Median,StdDev,Min,Max,Count
Food Items,Cosine,0.02815970889492362,0.020457999780774117,0.0215254239021904,0.0,0.11861900240182877,3312
Food Items,Jaccard,0.23531136234940583,0.18181818181818177,0.15537678758016238,0.0,0.75,3312
