NounCategory,DistanceType,Mean,Median,StdDev,Min,Max,Count
Spatial Concepts,Cosine,0.059811521849748805,0.05477999895811081,0.038832690763683377,0.0,0.21737700700759888,3312
Spatial Concepts,Jaccard,0.42004601816515713,0.46153846153846156,0.19689256006451886,0.0,0.8888888888888888,3312
