NounCategory,DistanceType,Mean,Median,StdDev,Min,Max,Count
Plants,Cosine,0.025623546219815396,0.01999500021338463,0.02399551715905281,0.0,0.1496420055627823,3312
Plants,Jaccard,0.204923096227444,0.18181818181818177,0.15401346292169016,0.0,0.6666666666666667,3312
