pearson_r,pearson_p,spearman_r,spearman_p,cosine_mean,cosine_std,cosine_min,cosine_max,cosine_median,jaccard_mean,jaccard_std,jaccard_min,jaccard_max,jaccard_median,sample_size
0.904017743668658,0.0,0.9402719155871664,0.0,0.030265705113706007,0.02649199707171136,0.0,0.23737800121307373,0.021403999999165535,0.26225992556648464,0.16436402085272342,0.0,0.8888888888888888,0.18181818181818177,39744
