{
  "language": "BN # Bengali",
  "linguistic_family": "Indo-European-Bengali",
  "linguistic_subfamily": "Bengali",
  "sample_size": 144,
  "response_statistics": {
    "total_responses": 144,
    "unique_responses": 63,
    "response_entropy": 5.832101207180391,
    "most_frequent_response": "flag",
    "response_frequency_distribution": {
      "flag": 0.041666666666666664,
      "above": 0.027777777777777776,
      "potato": 0.027777777777777776,
      "courage": 0.020833333333333332,
      "rival": 0.020833333333333332,
      "peacock": 0.020833333333333332,
      "elephant": 0.020833333333333332,
      "dog": 0.020833333333333332,
      "mountain": 0.020833333333333332,
      "rose": 0.020833333333333332,
      "grass": 0.020833333333333332,
      "father": 0.020833333333333332,
      "bridge": 0.020833333333333332,
      "stranger": 0.020833333333333332,
      "inside": 0.020833333333333332,
      "outside": 0.020833333333333332,
      "morning": 0.020833333333333332,
      "second": 0.020833333333333332,
      "century": 0.020833333333333332,
      "moon": 0.020833333333333332,
      "cactus": 0.020833333333333332,
      "book": 0.020833333333333332,
      "rice": 0.020833333333333332,
      "rain": 0.020833333333333332,
      "thunder": 0.020833333333333332,
      "fog": 0.020833333333333332,
      "fish": 0.020833333333333332,
      "painting": 0.020833333333333332,
      "farmer": 0.020833333333333332,
      "soldier": 0.020833333333333332,
      "teacher": 0.020833333333333332,
      "east": 0.013888888888888888,
      "forest": 0.013888888888888888,
      "justice": 0.013888888888888888,
      "night": 0.013888888888888888,
      "river": 0.013888888888888888,
      "coin": 0.013888888888888888,
      "lightning": 0.013888888888888888,
      "monkey": 0.013888888888888888,
      "freedom": 0.013888888888888888,
      "brother": 0.013888888888888888,
      "soup": 0.013888888888888888,
      "lake": 0.013888888888888888,
      "honesty": 0.013888888888888888,
      "sword": 0.013888888888888888,
      "earthquake": 0.006944444444444444,
      "banana": 0.006944444444444444,
      "bell": 0.006944444444444444,
      "wisdom": 0.006944444444444444,
      "friend": 0.006944444444444444,
      "desert": 0.006944444444444444,
      "writer": 0.006944444444444444,
      "artist": 0.006944444444444444,
      "\u09b6\u09bf\u09b2\u09cd\u09aa\u09c0": 0.006944444444444444,
      "Broccoli": 0.006944444444444444,
      "\u09b6\u09be\u09a8\u09cd\u09a4\u09bf (Peace)": 0.006944444444444444,
      "peace": 0.006944444444444444,
      "evening": 0.006944444444444444,
      "lock": 0.006944444444444444,
      "dolphin": 0.006944444444444444,
      "apple": 0.006944444444444444,
      "island": 0.006944444444444444,
      "village": 0.006944444444444444
    },
    "response_consistency": 0.861111111111111,
    "lexical_diversity": 0.4413793103448276
  },
  "cognitive_patterns": {
    "semantic_clustering": {
      "emotion_words": 0.0,
      "color_words": 0.0,
      "spatial_words": 0.027777777777777776,
      "quantity_words": 0.013888888888888888
    },
    "response_length_statistics": {
      "mean_length": 1.0069444444444444,
      "std_length": 0.0830434773826486,
      "min_length": 1,
      "max_length": 2,
      "median_length": 1.0
    },
    "code_switching_frequency": 0.006944444444444444,
    "cultural_specificity_markers": {
      "formal_markers": 0.0,
      "informal_markers": 0.020833333333333332,
      "cultural_concepts": 0.0
    }
  },
  "statistical_profile": {
    "descriptive_statistics": {
      "mean_response_code": 31.25,
      "std_response_code": 17.1632278109011,
      "skewness": -0.07854386796808391,
      "kurtosis": -1.2036615122288872
    },
    "distribution_tests": {
      "shapiro_wilk": {
        "statistic": 0.9571565582249197,
        "p_value": 0.0001889400572802284,
        "is_normal": false
      },
      "interpretation": "Non-normal distribution"
    },
    "variance_analysis": {
      "total_variance": 294.5763888888889,
      "explained_variance_ratio": 0.001176075299520649
    }
  }
}