{
  "language": "DE # German",
  "linguistic_family": "Indo-European",
  "linguistic_subfamily": "Germanic",
  "sample_size": 144,
  "response_statistics": {
    "total_responses": 144,
    "unique_responses": 65,
    "response_entropy": 5.842585755533008,
    "most_frequent_response": "bread",
    "response_frequency_distribution": {
      "flag": 0.041666666666666664,
      "bread": 0.041666666666666664,
      "potato": 0.027777777777777776,
      "forest": 0.027777777777777776,
      "rose": 0.020833333333333332,
      "dolphin": 0.020833333333333332,
      "elephant": 0.020833333333333332,
      "dog": 0.020833333333333332,
      "lake": 0.020833333333333332,
      "mountain": 0.020833333333333332,
      "grass": 0.020833333333333332,
      "bridge": 0.020833333333333332,
      "rival": 0.020833333333333332,
      "stranger": 0.020833333333333332,
      "west": 0.020833333333333332,
      "above": 0.020833333333333332,
      "second": 0.020833333333333332,
      "century": 0.020833333333333332,
      "moon": 0.020833333333333332,
      "courage": 0.020833333333333332,
      "book": 0.020833333333333332,
      "lightning": 0.020833333333333332,
      "farmer": 0.020833333333333332,
      "teacher": 0.020833333333333332,
      "artist": 0.020833333333333332,
      "apple": 0.020833333333333332,
      "fog": 0.020833333333333332,
      "painting": 0.020833333333333332,
      "peacock": 0.013888888888888888,
      "east": 0.013888888888888888,
      "wisdom": 0.013888888888888888,
      "night": 0.013888888888888888,
      "morning": 0.013888888888888888,
      "justice": 0.013888888888888888,
      "inside": 0.013888888888888888,
      "father": 0.013888888888888888,
      "rainbow": 0.013888888888888888,
      "brother": 0.013888888888888888,
      "honesty": 0.013888888888888888,
      "volcano": 0.013888888888888888,
      "cactus": 0.013888888888888888,
      "soldier": 0.013888888888888888,
      "sword": 0.013888888888888888,
      "Soldier": 0.006944444444444444,
      "bell": 0.006944444444444444,
      "back": 0.006944444444444444,
      "fish": 0.006944444444444444,
      "leader": 0.006944444444444444,
      "Freund": 0.006944444444444444,
      "desert": 0.006944444444444444,
      "Affe": 0.006944444444444444,
      "evening": 0.006944444444444444,
      "beef": 0.006944444444444444,
      "Volcano": 0.006944444444444444,
      "rain": 0.006944444444444444,
      "Glocke": 0.006944444444444444,
      "Justice": 0.006944444444444444,
      "Weisheit": 0.006944444444444444,
      "freedom": 0.006944444444444444,
      "lock": 0.006944444444444444,
      "coin": 0.006944444444444444,
      "front": 0.006944444444444444,
      "island": 0.006944444444444444,
      "egg": 0.006944444444444444,
      "year": 0.006944444444444444
    },
    "response_consistency": 0.8402777777777777,
    "lexical_diversity": 0.4305555555555556
  },
  "cognitive_patterns": {
    "semantic_clustering": {
      "emotion_words": 0.0,
      "color_words": 0.0,
      "spatial_words": 0.034722222222222224,
      "quantity_words": 0.013888888888888888
    },
    "response_length_statistics": {
      "mean_length": 1.0,
      "std_length": 0.0,
      "min_length": 1,
      "max_length": 1,
      "median_length": 1.0
    },
    "code_switching_frequency": 0.0,
    "cultural_specificity_markers": {
      "formal_markers": 0.0,
      "informal_markers": 0.020833333333333332,
      "cultural_concepts": 0.0
    }
  },
  "statistical_profile": {
    "descriptive_statistics": {
      "mean_response_code": 33.673611111111114,
      "std_response_code": 17.842999662609326,
      "skewness": -0.028266263149322863,
      "kurtosis": -1.2240537522760069
    },
    "distribution_tests": {
      "shapiro_wilk": {
        "statistic": 0.9554734318796305,
        "p_value": 0.00013513818393261884,
        "is_normal": false
      },
      "interpretation": "Non-normal distribution"
    },
    "variance_analysis": {
      "total_variance": 318.3726369598765,
      "explained_variance_ratio": 0.026688270749351605
    }
  }
}