{
  "language": "ES # Spanish",
  "linguistic_family": "Indo-European",
  "linguistic_subfamily": "Romance",
  "sample_size": 144,
  "response_statistics": {
    "total_responses": 144,
    "unique_responses": 66,
    "response_entropy": 5.8928990366237155,
    "most_frequent_response": "flag",
    "response_frequency_distribution": {
      "flag": 0.041666666666666664,
      "dolphin": 0.027777777777777776,
      "courage": 0.020833333333333332,
      "above": 0.020833333333333332,
      "bridge": 0.020833333333333332,
      "moon": 0.020833333333333332,
      "morning": 0.020833333333333332,
      "elephant": 0.020833333333333332,
      "dog": 0.020833333333333332,
      "mountain": 0.020833333333333332,
      "farmer": 0.020833333333333332,
      "west": 0.020833333333333332,
      "cactus": 0.020833333333333332,
      "rose": 0.020833333333333332,
      "grass": 0.020833333333333332,
      "stranger": 0.020833333333333332,
      "book": 0.020833333333333332,
      "teacher": 0.020833333333333332,
      "rival": 0.020833333333333332,
      "apple": 0.020833333333333332,
      "justice": 0.020833333333333332,
      "painting": 0.020833333333333332,
      "soldier": 0.020833333333333332,
      "fog": 0.020833333333333332,
      "volcano": 0.020833333333333332,
      "soup": 0.020833333333333332,
      "century": 0.020833333333333332,
      "second": 0.020833333333333332,
      "father": 0.020833333333333332,
      "rain": 0.013888888888888888,
      "sword": 0.013888888888888888,
      "peacock": 0.013888888888888888,
      "inside": 0.013888888888888888,
      "east": 0.013888888888888888,
      "night": 0.013888888888888888,
      "potato": 0.013888888888888888,
      "brother": 0.013888888888888888,
      "artist": 0.013888888888888888,
      "egg": 0.013888888888888888,
      "love": 0.013888888888888888,
      "earthquake": 0.013888888888888888,
      "bread": 0.013888888888888888,
      "lake": 0.013888888888888888,
      "forest": 0.013888888888888888,
      "desert": 0.013888888888888888,
      "village": 0.006944444444444444,
      "writer": 0.006944444444444444,
      "bell": 0.006944444444444444,
      "freedom": 0.006944444444444444,
      "back": 0.006944444444444444,
      "river": 0.006944444444444444,
      "coin": 0.006944444444444444,
      "friend": 0.006944444444444444,
      "tomato": 0.006944444444444444,
      "fish": 0.006944444444444444,
      "rainbow": 0.006944444444444444,
      "rice": 0.006944444444444444,
      "honesty": 0.006944444444444444,
      "lightning": 0.006944444444444444,
      "carpet": 0.006944444444444444,
      "Justice": 0.006944444444444444,
      "peace": 0.006944444444444444,
      "evening": 0.006944444444444444,
      "lock": 0.006944444444444444,
      "front": 0.006944444444444444,
      "island": 0.006944444444444444
    },
    "response_consistency": 0.8541666666666666,
    "lexical_diversity": 0.4513888888888889
  },
  "cognitive_patterns": {
    "semantic_clustering": {
      "emotion_words": 0.0,
      "color_words": 0.0,
      "spatial_words": 0.05555555555555555,
      "quantity_words": 0.006944444444444444
    },
    "response_length_statistics": {
      "mean_length": 1.0,
      "std_length": 0.0,
      "min_length": 1,
      "max_length": 1,
      "median_length": 1.0
    },
    "code_switching_frequency": 0.0,
    "cultural_specificity_markers": {
      "formal_markers": 0.0,
      "informal_markers": 0.020833333333333332,
      "cultural_concepts": 0.0
    }
  },
  "statistical_profile": {
    "descriptive_statistics": {
      "mean_response_code": 32.270833333333336,
      "std_response_code": 19.036959210236866,
      "skewness": 0.04916441102428688,
      "kurtosis": -1.264047412745859
    },
    "distribution_tests": {
      "shapiro_wilk": {
        "statistic": 0.9492862291147337,
        "p_value": 4.132576487624654e-05,
        "is_normal": false
      },
      "interpretation": "Non-normal distribution"
    },
    "variance_analysis": {
      "total_variance": 362.40581597222223,
      "explained_variance_ratio": 0.004817738751978136
    }
  }
}