{
  "language": "FR # French",
  "linguistic_family": "Indo-European",
  "linguistic_subfamily": "Romance",
  "sample_size": 144,
  "response_statistics": {
    "total_responses": 144,
    "unique_responses": 62,
    "response_entropy": 5.788596606585143,
    "most_frequent_response": "bread",
    "response_frequency_distribution": {
      "flag": 0.041666666666666664,
      "bread": 0.041666666666666664,
      "justice": 0.027777777777777776,
      "courage": 0.020833333333333332,
      "dolphin": 0.020833333333333332,
      "dog": 0.020833333333333332,
      "mountain": 0.020833333333333332,
      "forest": 0.020833333333333332,
      "island": 0.020833333333333332,
      "cactus": 0.020833333333333332,
      "grass": 0.020833333333333332,
      "moon": 0.020833333333333332,
      "rival": 0.020833333333333332,
      "stranger": 0.020833333333333332,
      "outside": 0.020833333333333332,
      "above": 0.020833333333333332,
      "morning": 0.020833333333333332,
      "second": 0.020833333333333332,
      "century": 0.020833333333333332,
      "elephant": 0.020833333333333332,
      "rose": 0.020833333333333332,
      "painting": 0.020833333333333332,
      "soldier": 0.020833333333333332,
      "lightning": 0.020833333333333332,
      "fog": 0.020833333333333332,
      "apple": 0.020833333333333332,
      "artist": 0.020833333333333332,
      "volcano": 0.020833333333333332,
      "teacher": 0.020833333333333332,
      "farmer": 0.020833333333333332,
      "book": 0.020833333333333332,
      "bridge": 0.020833333333333332,
      "lake": 0.013888888888888888,
      "friend": 0.013888888888888888,
      "love": 0.013888888888888888,
      "freedom": 0.013888888888888888,
      "night": 0.013888888888888888,
      "inside": 0.013888888888888888,
      "rainbow": 0.013888888888888888,
      "father": 0.013888888888888888,
      "sword": 0.013888888888888888,
      "potato": 0.013888888888888888,
      "peacock": 0.013888888888888888,
      "egg": 0.006944444444444444,
      "bell": 0.006944444444444444,
      "Above": 0.006944444444444444,
      "village": 0.006944444444444444,
      "back": 0.006944444444444444,
      "leader": 0.006944444444444444,
      "tomato": 0.006944444444444444,
      "lock": 0.006944444444444444,
      "chicken": 0.006944444444444444,
      "rain": 0.006944444444444444,
      "carpet": 0.006944444444444444,
      "wisdom": 0.006944444444444444,
      "evening": 0.006944444444444444,
      "coin": 0.006944444444444444,
      "cat": 0.006944444444444444,
      "front": 0.006944444444444444,
      "brother": 0.006944444444444444,
      "fish": 0.006944444444444444,
      "east": 0.006944444444444444
    },
    "response_consistency": 0.875,
    "lexical_diversity": 0.4236111111111111
  },
  "cognitive_patterns": {
    "semantic_clustering": {
      "emotion_words": 0.0,
      "color_words": 0.0,
      "spatial_words": 0.006944444444444444,
      "quantity_words": 0.0
    },
    "response_length_statistics": {
      "mean_length": 1.0,
      "std_length": 0.0,
      "min_length": 1,
      "max_length": 1,
      "median_length": 1.0
    },
    "code_switching_frequency": 0.0,
    "cultural_specificity_markers": {
      "formal_markers": 0.0,
      "informal_markers": 0.020833333333333332,
      "cultural_concepts": 0.0
    }
  },
  "statistical_profile": {
    "descriptive_statistics": {
      "mean_response_code": 30.48611111111111,
      "std_response_code": 17.63439903486897,
      "skewness": -0.04455162948237271,
      "kurtosis": -1.2175710800679456
    },
    "distribution_tests": {
      "shapiro_wilk": {
        "statistic": 0.953080722792047,
        "p_value": 8.473643224739059e-05,
        "is_normal": false
      },
      "interpretation": "Non-normal distribution"
    },
    "variance_analysis": {
      "total_variance": 310.97202932098764,
      "explained_variance_ratio": 0.005709313948815549
    }
  }
}