{
  "language": "GA # Irish",
  "linguistic_family": "Indo-European",
  "linguistic_subfamily": "Germanic",
  "sample_size": 144,
  "response_statistics": {
    "total_responses": 144,
    "unique_responses": 60,
    "response_entropy": 5.7367169194638254,
    "most_frequent_response": "potato",
    "response_frequency_distribution": {
      "potato": 0.05555555555555555,
      "flag": 0.041666666666666664,
      "dog": 0.027777777777777776,
      "dolphin": 0.027777777777777776,
      "rose": 0.020833333333333332,
      "bridge": 0.020833333333333332,
      "moon": 0.020833333333333332,
      "second": 0.020833333333333332,
      "morning": 0.020833333333333332,
      "lake": 0.020833333333333332,
      "farmer": 0.020833333333333332,
      "above": 0.020833333333333332,
      "west": 0.020833333333333332,
      "island": 0.020833333333333332,
      "grass": 0.020833333333333332,
      "east": 0.020833333333333332,
      "rival": 0.020833333333333332,
      "book": 0.020833333333333332,
      "teacher": 0.020833333333333332,
      "stranger": 0.020833333333333332,
      "soldier": 0.020833333333333332,
      "century": 0.020833333333333332,
      "bread": 0.020833333333333332,
      "beef": 0.020833333333333332,
      "apple": 0.020833333333333332,
      "fog": 0.020833333333333332,
      "painting": 0.020833333333333332,
      "bell": 0.020833333333333332,
      "father": 0.020833333333333332,
      "Justice": 0.013888888888888888,
      "rain": 0.013888888888888888,
      "sword": 0.013888888888888888,
      "inside": 0.013888888888888888,
      "peacock": 0.013888888888888888,
      "night": 0.013888888888888888,
      "courage": 0.013888888888888888,
      "brother": 0.013888888888888888,
      "freedom": 0.013888888888888888,
      "forest": 0.013888888888888888,
      "mountain": 0.013888888888888888,
      "elephant": 0.013888888888888888,
      "artist": 0.013888888888888888,
      "tide": 0.013888888888888888,
      "wisdom": 0.013888888888888888,
      "lightning": 0.013888888888888888,
      "ocean": 0.006944444444444444,
      "writer": 0.006944444444444444,
      "justice": 0.006944444444444444,
      "back": 0.006944444444444444,
      "friend": 0.006944444444444444,
      "cactus": 0.006944444444444444,
      "rainbow": 0.006944444444444444,
      "thunder": 0.006944444444444444,
      "honesty": 0.006944444444444444,
      "Lightning": 0.006944444444444444,
      "Wisdom": 0.006944444444444444,
      "Courage": 0.006944444444444444,
      "lock": 0.006944444444444444,
      "evening": 0.006944444444444444,
      "river": 0.006944444444444444
    },
    "response_consistency": 0.875,
    "lexical_diversity": 0.3888888888888889
  },
  "cognitive_patterns": {
    "semantic_clustering": {
      "emotion_words": 0.0,
      "color_words": 0.0,
      "spatial_words": 0.041666666666666664,
      "quantity_words": 0.006944444444444444
    },
    "response_length_statistics": {
      "mean_length": 1.0,
      "std_length": 0.0,
      "min_length": 1,
      "max_length": 1,
      "median_length": 1.0
    },
    "code_switching_frequency": 0.0,
    "cultural_specificity_markers": {
      "formal_markers": 0.0,
      "informal_markers": 0.020833333333333332,
      "cultural_concepts": 0.0
    }
  },
  "statistical_profile": {
    "descriptive_statistics": {
      "mean_response_code": 29.73611111111111,
      "std_response_code": 16.627865714212287,
      "skewness": 0.02353746436278841,
      "kurtosis": -1.2391852596836315
    },
    "distribution_tests": {
      "shapiro_wilk": {
        "statistic": 0.9543717548022602,
        "p_value": 0.00010885377723979501,
        "is_normal": false
      },
      "interpretation": "Non-normal distribution"
    },
    "variance_analysis": {
      "total_variance": 276.4859182098765,
      "explained_variance_ratio": 0.02289069795402917
    }
  }
}