{
  "language": "HE # Hebrew",
  "linguistic_family": "Semitic",
  "linguistic_subfamily": "Semitic",
  "sample_size": 144,
  "response_statistics": {
    "total_responses": 144,
    "unique_responses": 60,
    "response_entropy": 5.773141311809913,
    "most_frequent_response": "flag",
    "response_frequency_distribution": {
      "flag": 0.041666666666666664,
      "desert": 0.027777777777777776,
      "justice": 0.027777777777777776,
      "bread": 0.027777777777777776,
      "dolphin": 0.027777777777777776,
      "courage": 0.020833333333333332,
      "tomato": 0.020833333333333332,
      "dog": 0.020833333333333332,
      "lake": 0.020833333333333332,
      "cactus": 0.020833333333333332,
      "grass": 0.020833333333333332,
      "brother": 0.020833333333333332,
      "rival": 0.020833333333333332,
      "stranger": 0.020833333333333332,
      "inside": 0.020833333333333332,
      "above": 0.020833333333333332,
      "morning": 0.020833333333333332,
      "second": 0.020833333333333332,
      "century": 0.020833333333333332,
      "elephant": 0.020833333333333332,
      "rose": 0.020833333333333332,
      "painting": 0.020833333333333332,
      "bridge": 0.020833333333333332,
      "book": 0.020833333333333332,
      "farmer": 0.020833333333333332,
      "teacher": 0.020833333333333332,
      "soldier": 0.020833333333333332,
      "fish": 0.020833333333333332,
      "fog": 0.020833333333333332,
      "wisdom": 0.020833333333333332,
      "moon": 0.020833333333333332,
      "earthquake": 0.013888888888888888,
      "soup": 0.013888888888888888,
      "rain": 0.013888888888888888,
      "outside": 0.013888888888888888,
      "night": 0.013888888888888888,
      "candle": 0.013888888888888888,
      "sword": 0.013888888888888888,
      "front": 0.013888888888888888,
      "peacock": 0.013888888888888888,
      "father": 0.013888888888888888,
      "volcano": 0.013888888888888888,
      "apple": 0.013888888888888888,
      "artist": 0.013888888888888888,
      "forest": 0.013888888888888888,
      "mountain": 0.013888888888888888,
      "river": 0.006944444444444444,
      "writer": 0.006944444444444444,
      "broccoli": 0.006944444444444444,
      "thunder": 0.006944444444444444,
      "leader": 0.006944444444444444,
      "lock": 0.006944444444444444,
      "lightning": 0.006944444444444444,
      "coin": 0.006944444444444444,
      "Justice": 0.006944444444444444,
      "freedom, let me think about this in Hebrew first. \u05d0\u05e0\u05d9 \u05e6\u05e8\u05d9\u05da \u05dc\u05d1\u05d7\u05d5\u05e8 \u05d0\u05ea \u05d4\u05de\u05d5\u05e9\u05d2 \u05e9\u05e1\u05d1\u05d9\u05e8 \u05dc\u05d4\u05e0\u05d9\u05d7 \u05e9\u05d9\u05e2\u05d5\u05e8\u05e8 \u05e9\u05d9\u05e0\u05d5\u05d9 \u05d1\u05d7\u05d1\u05e8\u05d4. \u05d4\u05d0\u05e4\u05e9\u05e8\u05d5\u05d9\u05d5\u05ea \u05d4\u05df \u05d7\u05d5\u05e4\u05e9, \u05e6\u05d3\u05e7, \u05d0\u05d5\u05de\u05e5 \u05d5\u05d7\u05d5\u05db\u05de\u05d4. \u05de\u05d1\u05d7\u05d9\u05e0\u05d4 \u05ea\u05e8\u05d1\u05d5\u05ea\u05d9\u05ea \u05d5\u05dc\u05e9\u05d5\u05e0\u05d9\u05ea, \u05d1\u05e2\u05d1\u05e8\u05d9\u05ea \u05d5\u05d1\u05ea\u05e8\u05d1\u05d5\u05ea \u05d4\u05d9\u05e9\u05e8\u05d0\u05dc\u05d9\u05ea, \u05d4\u05de\u05d5\u05e9\u05d2 \"\u05e6\u05d3\u05e7\" \u05ea\u05d5\u05e4\u05e1 \u05de\u05e7\u05d5\u05dd \u05de\u05e8\u05db\u05d6\u05d9 \u05de\u05d0\u05d5\u05d3, \u05d1\u05de\u05d9\u05d5\u05d7\u05d3 \u05d1\u05d4\u05e7\u05e9\u05e8 \u05e9\u05dc \u05e6\u05d3\u05e7 \u05d7\u05d1\u05e8\u05ea\u05d9 \u05d5\u05e9\u05d9\u05e0\u05d5\u05d9. \u05d6\u05d4 \u05de\u05d5\u05e9\u05d2 \u05e9\u05de\u05d5\u05e4\u05d9\u05e2 \u05d4\u05e8\u05d1\u05d4 \u05d1\u05e1\u05e4\u05e8\u05d5\u05ea, \u05d1\u05ea\u05e0\"\u05da \u05d5\u05d1\u05e9\u05d9\u05d7 \u05d4\u05e6\u05d9\u05d1\u05d5\u05e8\u05d9, \u05d5\u05d9\u05e9 \u05dc\u05d5 \u05de\u05e9\u05e7\u05dc \u05e8\u05d1 \u05db\u05de\u05e0\u05d9\u05e2 \u05dc\u05e9\u05d9\u05e0\u05d5\u05d9. \u05dc\u05db\u05df, \u05d0\u05e0\u05d9 \u05d7\u05d5\u05e9\u05d1 \u05e9\u05d6\u05d5 \u05d4\u05d1\u05d7\u05d9\u05e8\u05d4 \u05d4\u05db\u05d9 \u05d8\u05d1\u05e2\u05d9\u05ea \u05e2\u05d1\u05d5\u05e8\u05d9.\n\nAnswer: justice": 0.006944444444444444,
      "evening": 0.006944444444444444,
      "west": 0.006944444444444444,
      "rainbow": 0.006944444444444444,
      "east": 0.006944444444444444
    },
    "response_consistency": 0.8819444444444443,
    "lexical_diversity": 0.580952380952381
  },
  "cognitive_patterns": {
    "semantic_clustering": {
      "emotion_words": 0.0,
      "color_words": 0.0,
      "spatial_words": 0.027777777777777776,
      "quantity_words": 0.0
    },
    "response_length_statistics": {
      "mean_length": 1.4583333333333333,
      "std_length": 5.480869507254807,
      "min_length": 1,
      "max_length": 67,
      "median_length": 1.0
    },
    "code_switching_frequency": 0.006944444444444444,
    "cultural_specificity_markers": {
      "formal_markers": 0.0,
      "informal_markers": 0.020833333333333332,
      "cultural_concepts": 0.0
    }
  },
  "statistical_profile": {
    "descriptive_statistics": {
      "mean_response_code": 28.38888888888889,
      "std_response_code": 16.925125599037955,
      "skewness": 0.10134107808646374,
      "kurtosis": -1.2084102001564
    },
    "distribution_tests": {
      "shapiro_wilk": {
        "statistic": 0.9536917794394519,
        "p_value": 9.536296879725187e-05,
        "is_normal": false
      },
      "interpretation": "Non-normal distribution"
    },
    "variance_analysis": {
      "total_variance": 286.4598765432099,
      "explained_variance_ratio": 0.0015524426978132506
    }
  }
}