{
  "language": "HI # Hindi",
  "linguistic_family": "Indo-European",
  "linguistic_subfamily": "Indo-Iranian",
  "sample_size": 144,
  "response_statistics": {
    "total_responses": 144,
    "unique_responses": 61,
    "response_entropy": 5.826858933148349,
    "most_frequent_response": "flag",
    "response_frequency_distribution": {
      "flag": 0.041666666666666664,
      "courage": 0.020833333333333332,
      "morning": 0.020833333333333332,
      "century": 0.020833333333333332,
      "peacock": 0.020833333333333332,
      "elephant": 0.020833333333333332,
      "monkey": 0.020833333333333332,
      "dog": 0.020833333333333332,
      "second": 0.020833333333333332,
      "mountain": 0.020833333333333332,
      "cactus": 0.020833333333333332,
      "bridge": 0.020833333333333332,
      "rose": 0.020833333333333332,
      "grass": 0.020833333333333332,
      "potato": 0.020833333333333332,
      "inside": 0.020833333333333332,
      "rival": 0.020833333333333332,
      "father": 0.020833333333333332,
      "moon": 0.020833333333333332,
      "book": 0.020833333333333332,
      "fog": 0.020833333333333332,
      "farmer": 0.020833333333333332,
      "coin": 0.020833333333333332,
      "painting": 0.020833333333333332,
      "lightning": 0.020833333333333332,
      "rain": 0.020833333333333332,
      "stranger": 0.020833333333333332,
      "rice": 0.020833333333333332,
      "soldier": 0.020833333333333332,
      "teacher": 0.020833333333333332,
      "sword": 0.013888888888888888,
      "forest": 0.013888888888888888,
      "justice": 0.013888888888888888,
      "north": 0.013888888888888888,
      "outside": 0.013888888888888888,
      "wisdom": 0.013888888888888888,
      "above": 0.013888888888888888,
      "night": 0.013888888888888888,
      "east": 0.013888888888888888,
      "desert": 0.013888888888888888,
      "brother": 0.013888888888888888,
      "honesty": 0.013888888888888888,
      "river": 0.013888888888888888,
      "lake": 0.013888888888888888,
      "artist": 0.013888888888888888,
      "egg": 0.013888888888888888,
      "freedom": 0.013888888888888888,
      "soup": 0.013888888888888888,
      "apple": 0.013888888888888888,
      "thunder": 0.013888888888888888,
      "friend": 0.006944444444444444,
      "musician": 0.006944444444444444,
      "banana": 0.006944444444444444,
      "peace": 0.006944444444444444,
      "fish": 0.006944444444444444,
      "tomato": 0.006944444444444444,
      "west": 0.006944444444444444,
      "volcano": 0.006944444444444444,
      "lock": 0.006944444444444444,
      "evening": 0.006944444444444444,
      "village": 0.006944444444444444
    },
    "response_consistency": 0.875,
    "lexical_diversity": 0.4236111111111111
  },
  "cognitive_patterns": {
    "semantic_clustering": {
      "emotion_words": 0.0,
      "color_words": 0.0,
      "spatial_words": 0.04861111111111111,
      "quantity_words": 0.013888888888888888
    },
    "response_length_statistics": {
      "mean_length": 1.0,
      "std_length": 0.0,
      "min_length": 1,
      "max_length": 1,
      "median_length": 1.0
    },
    "code_switching_frequency": 0.0,
    "cultural_specificity_markers": {
      "formal_markers": 0.0,
      "informal_markers": 0.020833333333333332,
      "cultural_concepts": 0.0
    }
  },
  "statistical_profile": {
    "descriptive_statistics": {
      "mean_response_code": 29.131944444444443,
      "std_response_code": 16.92764279702228,
      "skewness": 0.022118504350538956,
      "kurtosis": -1.2321202693427644
    },
    "distribution_tests": {
      "shapiro_wilk": {
        "statistic": 0.9557632295942263,
        "p_value": 0.00014310709700806473,
        "is_normal": false
      },
      "interpretation": "Non-normal distribution"
    },
    "variance_analysis": {
      "total_variance": 286.5450906635803,
      "explained_variance_ratio": 0.0006022303080009188
    }
  }
}