{
  "language": "IT # Italian",
  "linguistic_family": "Indo-European",
  "linguistic_subfamily": "Romance",
  "sample_size": 144,
  "response_statistics": {
    "total_responses": 144,
    "unique_responses": 61,
    "response_entropy": 5.819085214545824,
    "most_frequent_response": "flag",
    "response_frequency_distribution": {
      "flag": 0.034722222222222224,
      "courage": 0.020833333333333332,
      "grass": 0.020833333333333332,
      "elephant": 0.020833333333333332,
      "dolphin": 0.020833333333333332,
      "dog": 0.020833333333333332,
      "lake": 0.020833333333333332,
      "mountain": 0.020833333333333332,
      "cactus": 0.020833333333333332,
      "rose": 0.020833333333333332,
      "tomato": 0.020833333333333332,
      "bridge": 0.020833333333333332,
      "rival": 0.020833333333333332,
      "stranger": 0.020833333333333332,
      "outside": 0.020833333333333332,
      "above": 0.020833333333333332,
      "morning": 0.020833333333333332,
      "second": 0.020833333333333332,
      "century": 0.020833333333333332,
      "moon": 0.020833333333333332,
      "island": 0.020833333333333332,
      "book": 0.020833333333333332,
      "pasta": 0.020833333333333332,
      "volcano": 0.020833333333333332,
      "fog": 0.020833333333333332,
      "apple": 0.020833333333333332,
      "bread": 0.020833333333333332,
      "painting": 0.020833333333333332,
      "egg": 0.020833333333333332,
      "artist": 0.020833333333333332,
      "soldier": 0.020833333333333332,
      "teacher": 0.020833333333333332,
      "farmer": 0.020833333333333332,
      "coin": 0.020833333333333332,
      "east": 0.013888888888888888,
      "peacock": 0.013888888888888888,
      "sword": 0.013888888888888888,
      "night": 0.013888888888888888,
      "rain": 0.013888888888888888,
      "justice": 0.013888888888888888,
      "love": 0.013888888888888888,
      "freedom": 0.013888888888888888,
      "earthquake": 0.013888888888888888,
      "father": 0.013888888888888888,
      "brother": 0.013888888888888888,
      "inside": 0.013888888888888888,
      "forest": 0.013888888888888888,
      "river": 0.006944444444444444,
      "cat": 0.006944444444444444,
      "back": 0.006944444444444444,
      "friend": 0.006944444444444444,
      "honesty": 0.006944444444444444,
      "lock": 0.006944444444444444,
      "evening": 0.006944444444444444,
      "lightning": 0.006944444444444444,
      "statue": 0.006944444444444444,
      "rainbow": 0.006944444444444444,
      "wisdom": 0.006944444444444444,
      "Justice": 0.006944444444444444,
      "front": 0.006944444444444444,
      "leader": 0.006944444444444444
    },
    "response_consistency": 0.8958333333333334,
    "lexical_diversity": 0.4166666666666667
  },
  "cognitive_patterns": {
    "semantic_clustering": {
      "emotion_words": 0.0,
      "color_words": 0.0,
      "spatial_words": 0.013888888888888888,
      "quantity_words": 0.006944444444444444
    },
    "response_length_statistics": {
      "mean_length": 1.0,
      "std_length": 0.0,
      "min_length": 1,
      "max_length": 1,
      "median_length": 1.0
    },
    "code_switching_frequency": 0.0,
    "cultural_specificity_markers": {
      "formal_markers": 0.0,
      "informal_markers": 0.020833333333333332,
      "cultural_concepts": 0.0
    }
  },
  "statistical_profile": {
    "descriptive_statistics": {
      "mean_response_code": 29.520833333333332,
      "std_response_code": 17.79589869651619,
      "skewness": 0.05958425777254533,
      "kurtosis": -1.2898026597364245
    },
    "distribution_tests": {
      "shapiro_wilk": {
        "statistic": 0.9459384177319123,
        "p_value": 2.240253604423063e-05,
        "is_normal": false
      },
      "interpretation": "Non-normal distribution"
    },
    "variance_analysis": {
      "total_variance": 316.6940104166667,
      "explained_variance_ratio": 0.003862526739053198
    }
  }
}