{
  "language": "JA # Japanese",
  "linguistic_family": "Japonic",
  "linguistic_subfamily": "Japanese",
  "sample_size": 144,
  "response_statistics": {
    "total_responses": 144,
    "unique_responses": 61,
    "response_entropy": 5.8077277699388805,
    "most_frequent_response": "flag",
    "response_frequency_distribution": {
      "flag": 0.041666666666666664,
      "wisdom": 0.027777777777777776,
      "courage": 0.020833333333333332,
      "grass": 0.020833333333333332,
      "monkey": 0.020833333333333332,
      "dog": 0.020833333333333332,
      "lake": 0.020833333333333332,
      "mountain": 0.020833333333333332,
      "forest": 0.020833333333333332,
      "cactus": 0.020833333333333332,
      "rose": 0.020833333333333332,
      "potato": 0.020833333333333332,
      "moon": 0.020833333333333332,
      "brother": 0.020833333333333332,
      "stranger": 0.020833333333333332,
      "east": 0.020833333333333332,
      "above": 0.020833333333333332,
      "second": 0.020833333333333332,
      "century": 0.020833333333333332,
      "elephant": 0.020833333333333332,
      "island": 0.020833333333333332,
      "bridge": 0.020833333333333332,
      "fog": 0.020833333333333332,
      "painting": 0.020833333333333332,
      "book": 0.020833333333333332,
      "farmer": 0.020833333333333332,
      "teacher": 0.020833333333333332,
      "soldier": 0.020833333333333332,
      "rice": 0.020833333333333332,
      "volcano": 0.020833333333333332,
      "fish": 0.020833333333333332,
      "soup": 0.020833333333333332,
      "morning": 0.013888888888888888,
      "justice": 0.013888888888888888,
      "outside": 0.013888888888888888,
      "inside": 0.013888888888888888,
      "bell": 0.013888888888888888,
      "peacock": 0.013888888888888888,
      "night": 0.013888888888888888,
      "rival": 0.013888888888888888,
      "earthquake": 0.013888888888888888,
      "rainbow": 0.013888888888888888,
      "father": 0.013888888888888888,
      "broccoli": 0.013888888888888888,
      "honesty": 0.013888888888888888,
      "artist": 0.013888888888888888,
      "sword": 0.013888888888888888,
      "writer": 0.006944444444444444,
      "back": 0.006944444444444444,
      "\u30e9\u30a4\u30d0\u30eb (Rival)": 0.006944444444444444,
      "leader": 0.006944444444444444,
      "west": 0.006944444444444444,
      "rain": 0.006944444444444444,
      "lightning": 0.006944444444444444,
      "freedom": 0.006944444444444444,
      "coin": 0.006944444444444444,
      "evening": 0.006944444444444444,
      "lock": 0.006944444444444444,
      "apple": 0.006944444444444444,
      "dolphin": 0.006944444444444444,
      "year": 0.006944444444444444
    },
    "response_consistency": 0.8888888888888888,
    "lexical_diversity": 0.42758620689655175
  },
  "cognitive_patterns": {
    "semantic_clustering": {
      "emotion_words": 0.0,
      "color_words": 0.0,
      "spatial_words": 0.04861111111111111,
      "quantity_words": 0.013888888888888888
    },
    "response_length_statistics": {
      "mean_length": 1.0069444444444444,
      "std_length": 0.08304347738264861,
      "min_length": 1,
      "max_length": 2,
      "median_length": 1.0
    },
    "code_switching_frequency": 0.006944444444444444,
    "cultural_specificity_markers": {
      "formal_markers": 0.0,
      "informal_markers": 0.020833333333333332,
      "cultural_concepts": 0.0
    }
  },
  "statistical_profile": {
    "descriptive_statistics": {
      "mean_response_code": 29.729166666666668,
      "std_response_code": 17.145706763404846,
      "skewness": 0.014499991981838021,
      "kurtosis": -1.244957971873521
    },
    "distribution_tests": {
      "shapiro_wilk": {
        "statistic": 0.9529792623876239,
        "p_value": 8.309610182569992e-05,
        "is_normal": false
      },
      "interpretation": "Non-normal distribution"
    },
    "variance_analysis": {
      "total_variance": 293.9752604166667,
      "explained_variance_ratio": 0.0013178836601825386
    }
  }
}