{
  "language": "KO # Korean",
  "linguistic_family": "Koreanic",
  "linguistic_subfamily": "Korean",
  "sample_size": 144,
  "response_statistics": {
    "total_responses": 144,
    "unique_responses": 60,
    "response_entropy": 5.792000947121411,
    "most_frequent_response": "flag",
    "response_frequency_distribution": {
      "flag": 0.041666666666666664,
      "courage": 0.020833333333333332,
      "father": 0.020833333333333332,
      "elephant": 0.020833333333333332,
      "dog": 0.020833333333333332,
      "mountain": 0.020833333333333332,
      "island": 0.020833333333333332,
      "rose": 0.020833333333333332,
      "grass": 0.020833333333333332,
      "brother": 0.020833333333333332,
      "rival": 0.020833333333333332,
      "stranger": 0.020833333333333332,
      "moon": 0.020833333333333332,
      "east": 0.020833333333333332,
      "outside": 0.020833333333333332,
      "above": 0.020833333333333332,
      "morning": 0.020833333333333332,
      "second": 0.020833333333333332,
      "century": 0.020833333333333332,
      "justice": 0.020833333333333332,
      "dolphin": 0.020833333333333332,
      "cactus": 0.020833333333333332,
      "fog": 0.020833333333333332,
      "soldier": 0.020833333333333332,
      "volcano": 0.020833333333333332,
      "painting": 0.020833333333333332,
      "bell": 0.020833333333333332,
      "soup": 0.020833333333333332,
      "rice": 0.020833333333333332,
      "artist": 0.020833333333333332,
      "teacher": 0.020833333333333332,
      "farmer": 0.020833333333333332,
      "book": 0.020833333333333332,
      "bridge": 0.020833333333333332,
      "lightning": 0.013888888888888888,
      "night": 0.013888888888888888,
      "rain": 0.013888888888888888,
      "peacock": 0.013888888888888888,
      "wisdom": 0.013888888888888888,
      "broccoli": 0.013888888888888888,
      "fish": 0.013888888888888888,
      "inside": 0.013888888888888888,
      "sword": 0.013888888888888888,
      "potato": 0.013888888888888888,
      "honesty": 0.013888888888888888,
      "forest": 0.013888888888888888,
      "lake": 0.013888888888888888,
      "back": 0.006944444444444444,
      "monkey": 0.006944444444444444,
      "tomato": 0.006944444444444444,
      "valley": 0.006944444444444444,
      "lock": 0.006944444444444444,
      "earthquake": 0.006944444444444444,
      "love": 0.006944444444444444,
      "freedom": 0.006944444444444444,
      "evening": 0.006944444444444444,
      "rainbow": 0.006944444444444444,
      "apple": 0.006944444444444444,
      "beef": 0.006944444444444444,
      "river": 0.006944444444444444
    },
    "response_consistency": 0.8958333333333334,
    "lexical_diversity": 0.4166666666666667
  },
  "cognitive_patterns": {
    "semantic_clustering": {
      "emotion_words": 0.0,
      "color_words": 0.0,
      "spatial_words": 0.041666666666666664,
      "quantity_words": 0.020833333333333332
    },
    "response_length_statistics": {
      "mean_length": 1.0,
      "std_length": 0.0,
      "min_length": 1,
      "max_length": 1,
      "median_length": 1.0
    },
    "code_switching_frequency": 0.0,
    "cultural_specificity_markers": {
      "formal_markers": 0.0,
      "informal_markers": 0.020833333333333332,
      "cultural_concepts": 0.0
    }
  },
  "statistical_profile": {
    "descriptive_statistics": {
      "mean_response_code": 29.0,
      "std_response_code": 17.111562043120305,
      "skewness": 0.06926053378642849,
      "kurtosis": -1.2447455845677597
    },
    "distribution_tests": {
      "shapiro_wilk": {
        "statistic": 0.9522102090113875,
        "p_value": 7.169788567987157e-05,
        "is_normal": false
      },
      "interpretation": "Non-normal distribution"
    },
    "variance_analysis": {
      "total_variance": 292.80555555555554,
      "explained_variance_ratio": 0.000388099751867693
    }
  }
}