{
  "language": "LV # Latvian",
  "linguistic_family": "Indo-European",
  "linguistic_subfamily": "Baltic",
  "sample_size": 144,
  "response_statistics": {
    "total_responses": 144,
    "unique_responses": 61,
    "response_entropy": 5.761963252815388,
    "most_frequent_response": "bread",
    "response_frequency_distribution": {
      "flag": 0.041666666666666664,
      "bread": 0.041666666666666664,
      "potato": 0.034722222222222224,
      "dolphin": 0.027777777777777776,
      "forest": 0.027777777777777776,
      "grass": 0.020833333333333332,
      "elephant": 0.020833333333333332,
      "dog": 0.020833333333333332,
      "lake": 0.020833333333333332,
      "mountain": 0.020833333333333332,
      "courage": 0.020833333333333332,
      "moon": 0.020833333333333332,
      "father": 0.020833333333333332,
      "stranger": 0.020833333333333332,
      "above": 0.020833333333333332,
      "morning": 0.020833333333333332,
      "second": 0.020833333333333332,
      "century": 0.020833333333333332,
      "rival": 0.020833333333333332,
      "rose": 0.020833333333333332,
      "bridge": 0.020833333333333332,
      "book": 0.020833333333333332,
      "farmer": 0.020833333333333332,
      "teacher": 0.020833333333333332,
      "soldier": 0.020833333333333332,
      "wisdom": 0.020833333333333332,
      "apple": 0.020833333333333332,
      "fog": 0.020833333333333332,
      "painting": 0.020833333333333332,
      "east": 0.013888888888888888,
      "carpet": 0.013888888888888888,
      "Justice": 0.013888888888888888,
      "freedom": 0.013888888888888888,
      "outside": 0.013888888888888888,
      "night": 0.013888888888888888,
      "inside": 0.013888888888888888,
      "lightning": 0.013888888888888888,
      "sword": 0.013888888888888888,
      "rainbow": 0.013888888888888888,
      "thunder": 0.013888888888888888,
      "brother": 0.013888888888888888,
      "island": 0.013888888888888888,
      "artist": 0.013888888888888888,
      "peacock": 0.013888888888888888,
      "back": 0.006944444444444444,
      "justice": 0.006944444444444444,
      "egg": 0.006944444444444444,
      "front": 0.006944444444444444,
      "friend": 0.006944444444444444,
      "cactus": 0.006944444444444444,
      "coin": 0.006944444444444444,
      "beef": 0.006944444444444444,
      "Volcano": 0.006944444444444444,
      "rain": 0.006944444444444444,
      "Lightning": 0.006944444444444444,
      "evening": 0.006944444444444444,
      "lock": 0.006944444444444444,
      "west": 0.006944444444444444,
      "honesty": 0.006944444444444444,
      "fish": 0.006944444444444444,
      "writer": 0.006944444444444444
    },
    "response_consistency": 0.8680555555555555,
    "lexical_diversity": 0.4097222222222222
  },
  "cognitive_patterns": {
    "semantic_clustering": {
      "emotion_words": 0.0,
      "color_words": 0.0,
      "spatial_words": 0.020833333333333332,
      "quantity_words": 0.006944444444444444
    },
    "response_length_statistics": {
      "mean_length": 1.0,
      "std_length": 0.0,
      "min_length": 1,
      "max_length": 1,
      "median_length": 1.0
    },
    "code_switching_frequency": 0.0,
    "cultural_specificity_markers": {
      "formal_markers": 0.0,
      "informal_markers": 0.020833333333333332,
      "cultural_concepts": 0.0
    }
  },
  "statistical_profile": {
    "descriptive_statistics": {
      "mean_response_code": 30.32638888888889,
      "std_response_code": 17.253755573912624,
      "skewness": -0.004284975035758458,
      "kurtosis": -1.2619717223094946
    },
    "distribution_tests": {
      "shapiro_wilk": {
        "statistic": 0.9511221940628103,
        "p_value": 5.830111968869313e-05,
        "is_normal": false
      },
      "interpretation": "Non-normal distribution"
    },
    "variance_analysis": {
      "total_variance": 297.69208140432096,
      "explained_variance_ratio": 0.01788760153338105
    }
  }
}