{
  "language": "PL # Polish",
  "linguistic_family": "Indo-European",
  "linguistic_subfamily": "Slavic",
  "sample_size": 144,
  "response_statistics": {
    "total_responses": 144,
    "unique_responses": 60,
    "response_entropy": 5.765367593207387,
    "most_frequent_response": "flag",
    "response_frequency_distribution": {
      "flag": 0.041666666666666664,
      "potato": 0.034722222222222224,
      "dolphin": 0.027777777777777776,
      "forest": 0.027777777777777776,
      "rose": 0.020833333333333332,
      "moon": 0.020833333333333332,
      "elephant": 0.020833333333333332,
      "dog": 0.020833333333333332,
      "lake": 0.020833333333333332,
      "mountain": 0.020833333333333332,
      "grass": 0.020833333333333332,
      "book": 0.020833333333333332,
      "rival": 0.020833333333333332,
      "stranger": 0.020833333333333332,
      "above": 0.020833333333333332,
      "morning": 0.020833333333333332,
      "second": 0.020833333333333332,
      "century": 0.020833333333333332,
      "bridge": 0.020833333333333332,
      "courage": 0.020833333333333332,
      "farmer": 0.020833333333333332,
      "apple": 0.020833333333333332,
      "freedom": 0.020833333333333332,
      "teacher": 0.020833333333333332,
      "lightning": 0.020833333333333332,
      "volcano": 0.020833333333333332,
      "fog": 0.020833333333333332,
      "painting": 0.020833333333333332,
      "soup": 0.020833333333333332,
      "bread": 0.020833333333333332,
      "artist": 0.020833333333333332,
      "soldier": 0.020833333333333332,
      "sword": 0.013888888888888888,
      "rain": 0.013888888888888888,
      "wisdom": 0.013888888888888888,
      "justice": 0.013888888888888888,
      "island": 0.013888888888888888,
      "outside": 0.013888888888888888,
      "night": 0.013888888888888888,
      "inside": 0.013888888888888888,
      "front": 0.013888888888888888,
      "father": 0.013888888888888888,
      "brother": 0.013888888888888888,
      "egg": 0.013888888888888888,
      "peacock": 0.013888888888888888,
      "back": 0.006944444444444444,
      "brat": 0.006944444444444444,
      "bell": 0.006944444444444444,
      "cactus": 0.006944444444444444,
      "leader": 0.006944444444444444,
      "love": 0.006944444444444444,
      "fish": 0.006944444444444444,
      "dzwon": 0.006944444444444444,
      "lock": 0.006944444444444444,
      "evening": 0.006944444444444444,
      "coin": 0.006944444444444444,
      "west": 0.006944444444444444,
      "rainbow": 0.006944444444444444,
      "honesty": 0.006944444444444444,
      "east": 0.006944444444444444
    },
    "response_consistency": 0.888888888888889,
    "lexical_diversity": 0.4166666666666667
  },
  "cognitive_patterns": {
    "semantic_clustering": {
      "emotion_words": 0.0,
      "color_words": 0.0,
      "spatial_words": 0.034722222222222224,
      "quantity_words": 0.006944444444444444
    },
    "response_length_statistics": {
      "mean_length": 1.0,
      "std_length": 0.0,
      "min_length": 1,
      "max_length": 1,
      "median_length": 1.0
    },
    "code_switching_frequency": 0.0,
    "cultural_specificity_markers": {
      "formal_markers": 0.0,
      "informal_markers": 0.020833333333333332,
      "cultural_concepts": 0.0
    }
  },
  "statistical_profile": {
    "descriptive_statistics": {
      "mean_response_code": 30.118055555555557,
      "std_response_code": 17.280165463367474,
      "skewness": -0.06393934376212936,
      "kurtosis": -1.2230610883087691
    },
    "distribution_tests": {
      "shapiro_wilk": {
        "statistic": 0.9523807833419589,
        "p_value": 7.407576649609186e-05,
        "is_normal": false
      },
      "interpretation": "Non-normal distribution"
    },
    "variance_analysis": {
      "total_variance": 298.604118441358,
      "explained_variance_ratio": 0.001708786281800112
    }
  }
}