{
  "language": "PS # Pashto",
  "linguistic_family": "Indo-European",
  "linguistic_subfamily": "Indo-Iranian",
  "sample_size": 144,
  "response_statistics": {
    "total_responses": 144,
    "unique_responses": 60,
    "response_entropy": 5.777418548023427,
    "most_frequent_response": "flag",
    "response_frequency_distribution": {
      "flag": 0.041666666666666664,
      "bread": 0.034722222222222224,
      "courage": 0.020833333333333332,
      "potato": 0.020833333333333332,
      "elephant": 0.020833333333333332,
      "dog": 0.020833333333333332,
      "mountain": 0.020833333333333332,
      "cactus": 0.020833333333333332,
      "rose": 0.020833333333333332,
      "grass": 0.020833333333333332,
      "brother": 0.020833333333333332,
      "moon": 0.020833333333333332,
      "father": 0.020833333333333332,
      "stranger": 0.020833333333333332,
      "east": 0.020833333333333332,
      "above": 0.020833333333333332,
      "morning": 0.020833333333333332,
      "second": 0.020833333333333332,
      "century": 0.020833333333333332,
      "peacock": 0.020833333333333332,
      "desert": 0.020833333333333332,
      "bridge": 0.020833333333333332,
      "freedom": 0.020833333333333332,
      "painting": 0.020833333333333332,
      "carpet": 0.020833333333333332,
      "fog": 0.020833333333333332,
      "apple": 0.020833333333333332,
      "beef": 0.020833333333333332,
      "rain": 0.020833333333333332,
      "soldier": 0.020833333333333332,
      "teacher": 0.020833333333333332,
      "farmer": 0.020833333333333332,
      "book": 0.020833333333333332,
      "monkey": 0.013888888888888888,
      "earthquake": 0.013888888888888888,
      "wisdom": 0.013888888888888888,
      "outside": 0.013888888888888888,
      "night": 0.013888888888888888,
      "sword": 0.013888888888888888,
      "inside": 0.013888888888888888,
      "forest": 0.013888888888888888,
      "volcano": 0.013888888888888888,
      "rival": 0.013888888888888888,
      "artist": 0.013888888888888888,
      "honesty": 0.013888888888888888,
      "lake": 0.013888888888888888,
      "back": 0.006944444444444444,
      "valley": 0.006944444444444444,
      "writer": 0.006944444444444444,
      "thunder": 0.006944444444444444,
      "justice": 0.006944444444444444,
      "dolphin": 0.006944444444444444,
      "lock": 0.006944444444444444,
      "enemy": 0.006944444444444444,
      "west": 0.006944444444444444,
      "lightning": 0.006944444444444444,
      "peace": 0.006944444444444444,
      "rice": 0.006944444444444444,
      "evening": 0.006944444444444444,
      "river": 0.006944444444444444
    },
    "response_consistency": 0.9027777777777777,
    "lexical_diversity": 0.4166666666666667
  },
  "cognitive_patterns": {
    "semantic_clustering": {
      "emotion_words": 0.0,
      "color_words": 0.0,
      "spatial_words": 0.027777777777777776,
      "quantity_words": 0.020833333333333332
    },
    "response_length_statistics": {
      "mean_length": 1.0,
      "std_length": 0.0,
      "min_length": 1,
      "max_length": 1,
      "median_length": 1.0
    },
    "code_switching_frequency": 0.0,
    "cultural_specificity_markers": {
      "formal_markers": 0.0,
      "informal_markers": 0.020833333333333332,
      "cultural_concepts": 0.0
    }
  },
  "statistical_profile": {
    "descriptive_statistics": {
      "mean_response_code": 27.20138888888889,
      "std_response_code": 17.005138055693926,
      "skewness": 0.13524006327866978,
      "kurtosis": -1.2365379237329752
    },
    "distribution_tests": {
      "shapiro_wilk": {
        "statistic": 0.9498103902407538,
        "p_value": 4.5564001955361043e-05,
        "is_normal": false
      },
      "interpretation": "Non-normal distribution"
    },
    "variance_analysis": {
      "total_variance": 289.1747202932099,
      "explained_variance_ratio": 0.0011187192671488517
    }
  }
}