{
  "language": "PT # Portuguese",
  "linguistic_family": "Indo-European",
  "linguistic_subfamily": "Romance",
  "sample_size": 144,
  "response_statistics": {
    "total_responses": 144,
    "unique_responses": 68,
    "response_entropy": 5.936403637074694,
    "most_frequent_response": "flag",
    "response_frequency_distribution": {
      "flag": 0.041666666666666664,
      "dolphin": 0.027777777777777776,
      "teacher": 0.020833333333333332,
      "century": 0.020833333333333332,
      "elephant": 0.020833333333333332,
      "above": 0.020833333333333332,
      "moon": 0.020833333333333332,
      "bridge": 0.020833333333333332,
      "book": 0.020833333333333332,
      "farmer": 0.020833333333333332,
      "rival": 0.020833333333333332,
      "morning": 0.020833333333333332,
      "second": 0.020833333333333332,
      "inside": 0.020833333333333332,
      "lake": 0.020833333333333332,
      "soup": 0.020833333333333332,
      "apple": 0.020833333333333332,
      "fog": 0.020833333333333332,
      "volcano": 0.020833333333333332,
      "forest": 0.020833333333333332,
      "stranger": 0.020833333333333332,
      "painting": 0.020833333333333332,
      "cactus": 0.020833333333333332,
      "rose": 0.020833333333333332,
      "grass": 0.020833333333333332,
      "dog": 0.020833333333333332,
      "courage": 0.013888888888888888,
      "rain": 0.013888888888888888,
      "sword": 0.013888888888888888,
      "peacock": 0.013888888888888888,
      "east": 0.013888888888888888,
      "west": 0.013888888888888888,
      "night": 0.013888888888888888,
      "father": 0.013888888888888888,
      "brother": 0.013888888888888888,
      "honesty": 0.013888888888888888,
      "artist": 0.013888888888888888,
      "coin": 0.013888888888888888,
      "potato": 0.013888888888888888,
      "fish": 0.013888888888888888,
      "freedom": 0.013888888888888888,
      "love": 0.013888888888888888,
      "bread": 0.013888888888888888,
      "soldier": 0.013888888888888888,
      "mountain": 0.013888888888888888,
      "island": 0.013888888888888888,
      "earthquake": 0.006944444444444444,
      "desert": 0.006944444444444444,
      "bell": 0.006944444444444444,
      "justice": 0.006944444444444444,
      "egg": 0.006944444444444444,
      "writer": 0.006944444444444444,
      "ocean": 0.006944444444444444,
      "friend": 0.006944444444444444,
      "tomato": 0.006944444444444444,
      "rice": 0.006944444444444444,
      "lightning": 0.006944444444444444,
      "rainbow": 0.006944444444444444,
      "Soldier": 0.006944444444444444,
      "Lightning": 0.006944444444444444,
      "Justice": 0.006944444444444444,
      "sabedoria": 0.006944444444444444,
      "Courage": 0.006944444444444444,
      "evening": 0.006944444444444444,
      "lock": 0.006944444444444444,
      "outside": 0.006944444444444444,
      "front": 0.006944444444444444,
      "leader": 0.006944444444444444
    },
    "response_consistency": 0.8472222222222222,
    "lexical_diversity": 0.4444444444444444
  },
  "cognitive_patterns": {
    "semantic_clustering": {
      "emotion_words": 0.0,
      "color_words": 0.0,
      "spatial_words": 0.04861111111111111,
      "quantity_words": 0.013888888888888888
    },
    "response_length_statistics": {
      "mean_length": 1.0,
      "std_length": 0.0,
      "min_length": 1,
      "max_length": 1,
      "median_length": 1.0
    },
    "code_switching_frequency": 0.0,
    "cultural_specificity_markers": {
      "formal_markers": 0.0,
      "informal_markers": 0.020833333333333332,
      "cultural_concepts": 0.0
    }
  },
  "statistical_profile": {
    "descriptive_statistics": {
      "mean_response_code": 33.541666666666664,
      "std_response_code": 19.216556446633895,
      "skewness": 0.07675490386611389,
      "kurtosis": -1.239482164282817
    },
    "distribution_tests": {
      "shapiro_wilk": {
        "statistic": 0.9511852124387065,
        "p_value": 5.9000265700443544e-05,
        "is_normal": false
      },
      "interpretation": "Non-normal distribution"
    },
    "variance_analysis": {
      "total_variance": 369.2760416666667,
      "explained_variance_ratio": 0.010649086634203593
    }
  }
}