{
  "language": "RU # Russian",
  "linguistic_family": "Indo-European",
  "linguistic_subfamily": "Slavic",
  "sample_size": 144,
  "response_statistics": {
    "total_responses": 144,
    "unique_responses": 61,
    "response_entropy": 5.774014207631428,
    "most_frequent_response": "flag",
    "response_frequency_distribution": {
      "flag": 0.041666666666666664,
      "bread": 0.034722222222222224,
      "potato": 0.027777777777777776,
      "forest": 0.027777777777777776,
      "courage": 0.020833333333333332,
      "second": 0.020833333333333332,
      "elephant": 0.020833333333333332,
      "dolphin": 0.020833333333333332,
      "dog": 0.020833333333333332,
      "lake": 0.020833333333333332,
      "mountain": 0.020833333333333332,
      "morning": 0.020833333333333332,
      "justice": 0.020833333333333332,
      "rose": 0.020833333333333332,
      "grass": 0.020833333333333332,
      "brother": 0.020833333333333332,
      "rival": 0.020833333333333332,
      "father": 0.020833333333333332,
      "stranger": 0.020833333333333332,
      "century": 0.020833333333333332,
      "bridge": 0.020833333333333332,
      "moon": 0.020833333333333332,
      "apple": 0.020833333333333332,
      "wisdom": 0.020833333333333332,
      "painting": 0.020833333333333332,
      "lightning": 0.020833333333333332,
      "inside": 0.020833333333333332,
      "fog": 0.020833333333333332,
      "soldier": 0.020833333333333332,
      "teacher": 0.020833333333333332,
      "farmer": 0.020833333333333332,
      "book": 0.020833333333333332,
      "above": 0.020833333333333332,
      "rain": 0.013888888888888888,
      "bell": 0.013888888888888888,
      "sword": 0.013888888888888888,
      "peacock": 0.013888888888888888,
      "outside": 0.013888888888888888,
      "night": 0.013888888888888888,
      "cactus": 0.013888888888888888,
      "artist": 0.013888888888888888,
      "east": 0.013888888888888888,
      "volcano": 0.013888888888888888,
      "west": 0.006944444444444444,
      "rainbow": 0.006944444444444444,
      "egg": 0.006944444444444444,
      "soup": 0.006944444444444444,
      "thunder": 0.006944444444444444,
      "freedom": 0.006944444444444444,
      "carpet": 0.006944444444444444,
      "front": 0.006944444444444444,
      "desert": 0.006944444444444444,
      "beef": 0.006944444444444444,
      "fish": 0.006944444444444444,
      "Justice": 0.006944444444444444,
      "lock": 0.006944444444444444,
      "cat": 0.006944444444444444,
      "island": 0.006944444444444444,
      "evening": 0.006944444444444444,
      "honesty": 0.006944444444444444,
      "writer": 0.006944444444444444
    },
    "response_consistency": 0.875,
    "lexical_diversity": 0.4166666666666667
  },
  "cognitive_patterns": {
    "semantic_clustering": {
      "emotion_words": 0.0,
      "color_words": 0.0,
      "spatial_words": 0.027777777777777776,
      "quantity_words": 0.006944444444444444
    },
    "response_length_statistics": {
      "mean_length": 1.0,
      "std_length": 0.0,
      "min_length": 1,
      "max_length": 1,
      "median_length": 1.0
    },
    "code_switching_frequency": 0.0,
    "cultural_specificity_markers": {
      "formal_markers": 0.0,
      "informal_markers": 0.020833333333333332,
      "cultural_concepts": 0.0
    }
  },
  "statistical_profile": {
    "descriptive_statistics": {
      "mean_response_code": 29.5625,
      "std_response_code": 17.140643199878923,
      "skewness": -0.0044438376806956725,
      "kurtosis": -1.2115832441283443
    },
    "distribution_tests": {
      "shapiro_wilk": {
        "statistic": 0.9556267284102181,
        "p_value": 0.0001392937426184377,
        "is_normal": false
      },
      "interpretation": "Non-normal distribution"
    },
    "variance_analysis": {
      "total_variance": 293.80164930555554,
      "explained_variance_ratio": 0.0034644957298790237
    }
  }
}