{
  "language": "SW # Swahili",
  "linguistic_family": "Niger-Congo",
  "linguistic_subfamily": "Bantu",
  "sample_size": 144,
  "response_statistics": {
    "total_responses": 144,
    "unique_responses": 65,
    "response_entropy": 5.883558911990578,
    "most_frequent_response": "flag",
    "response_frequency_distribution": {
      "flag": 0.034722222222222224,
      "farmer": 0.027777777777777776,
      "justice": 0.027777777777777776,
      "lake": 0.020833333333333332,
      "moon": 0.020833333333333332,
      "second": 0.020833333333333332,
      "peacock": 0.020833333333333332,
      "elephant": 0.020833333333333332,
      "morning": 0.020833333333333332,
      "dog": 0.020833333333333332,
      "above": 0.020833333333333332,
      "mountain": 0.020833333333333332,
      "book": 0.020833333333333332,
      "outside": 0.020833333333333332,
      "cactus": 0.020833333333333332,
      "grass": 0.020833333333333332,
      "east": 0.020833333333333332,
      "stranger": 0.020833333333333332,
      "century": 0.020833333333333332,
      "rose": 0.020833333333333332,
      "fog": 0.020833333333333332,
      "teacher": 0.020833333333333332,
      "painting": 0.020833333333333332,
      "lightning": 0.020833333333333332,
      "rain": 0.020833333333333332,
      "volcano": 0.020833333333333332,
      "rival": 0.020833333333333332,
      "soup": 0.020833333333333332,
      "rice": 0.020833333333333332,
      "sword": 0.013888888888888888,
      "drums": 0.013888888888888888,
      "carpet": 0.013888888888888888,
      "inside": 0.013888888888888888,
      "wisdom": 0.013888888888888888,
      "island": 0.013888888888888888,
      "night": 0.013888888888888888,
      "father": 0.013888888888888888,
      "courage": 0.013888888888888888,
      "brother": 0.013888888888888888,
      "soldier": 0.013888888888888888,
      "apple": 0.013888888888888888,
      "potato": 0.013888888888888888,
      "artist": 0.013888888888888888,
      "fish": 0.013888888888888888,
      "monkey": 0.013888888888888888,
      "forest": 0.013888888888888888,
      "evening": 0.006944444444444444,
      "Friend": 0.006944444444444444,
      "river": 0.006944444444444444,
      "musician": 0.006944444444444444,
      "beef": 0.006944444444444444,
      "banana": 0.006944444444444444,
      "mask": 0.006944444444444444,
      "peace": 0.006944444444444444,
      "back": 0.006944444444444444,
      "coin": 0.006944444444444444,
      "tomato": 0.006944444444444444,
      "lock": 0.006944444444444444,
      "nyani": 0.006944444444444444,
      "honesty": 0.006944444444444444,
      "desert": 0.006944444444444444,
      "Justice": 0.006944444444444444,
      "Courage": 0.006944444444444444,
      "bridge": 0.006944444444444444,
      "leader": 0.006944444444444444
    },
    "response_consistency": 0.861111111111111,
    "lexical_diversity": 0.4375
  },
  "cognitive_patterns": {
    "semantic_clustering": {
      "emotion_words": 0.0,
      "color_words": 0.0,
      "spatial_words": 0.041666666666666664,
      "quantity_words": 0.006944444444444444
    },
    "response_length_statistics": {
      "mean_length": 1.0,
      "std_length": 0.0,
      "min_length": 1,
      "max_length": 1,
      "median_length": 1.0
    },
    "code_switching_frequency": 0.0,
    "cultural_specificity_markers": {
      "formal_markers": 0.0,
      "informal_markers": 0.020833333333333332,
      "cultural_concepts": 0.0
    }
  },
  "statistical_profile": {
    "descriptive_statistics": {
      "mean_response_code": 33.791666666666664,
      "std_response_code": 18.0246262867716,
      "skewness": -0.05275645582327124,
      "kurtosis": -1.1728225132707226
    },
    "distribution_tests": {
      "shapiro_wilk": {
        "statistic": 0.9586413564733526,
        "p_value": 0.00025516191762782226,
        "is_normal": false
      },
      "interpretation": "Non-normal distribution"
    },
    "variance_analysis": {
      "total_variance": 324.88715277777777,
      "explained_variance_ratio": 0.0004660233494013411
    }
  }
}