{
  "language": "TH # Thai",
  "linguistic_family": "Tai-Kadai",
  "linguistic_subfamily": "Tai",
  "sample_size": 144,
  "response_statistics": {
    "total_responses": 144,
    "unique_responses": 63,
    "response_entropy": 5.852105266355643,
    "most_frequent_response": "flag",
    "response_frequency_distribution": {
      "flag": 0.034722222222222224,
      "courage": 0.020833333333333332,
      "grass": 0.020833333333333332,
      "elephant": 0.020833333333333332,
      "dog": 0.020833333333333332,
      "lake": 0.020833333333333332,
      "mountain": 0.020833333333333332,
      "forest": 0.020833333333333332,
      "honesty": 0.020833333333333332,
      "rose": 0.020833333333333332,
      "rival": 0.020833333333333332,
      "moon": 0.020833333333333332,
      "father": 0.020833333333333332,
      "stranger": 0.020833333333333332,
      "outside": 0.020833333333333332,
      "above": 0.020833333333333332,
      "morning": 0.020833333333333332,
      "second": 0.020833333333333332,
      "century": 0.020833333333333332,
      "peacock": 0.020833333333333332,
      "cactus": 0.020833333333333332,
      "bridge": 0.020833333333333332,
      "artist": 0.020833333333333332,
      "rain": 0.020833333333333332,
      "fog": 0.020833333333333332,
      "soup": 0.020833333333333332,
      "fish": 0.020833333333333332,
      "rice": 0.020833333333333332,
      "painting": 0.020833333333333332,
      "soldier": 0.020833333333333332,
      "teacher": 0.020833333333333332,
      "farmer": 0.020833333333333332,
      "book": 0.020833333333333332,
      "inside": 0.013888888888888888,
      "sword": 0.013888888888888888,
      "broccoli": 0.013888888888888888,
      "bell": 0.013888888888888888,
      "wisdom": 0.013888888888888888,
      "night": 0.013888888888888888,
      "freedom": 0.013888888888888888,
      "earthquake": 0.013888888888888888,
      "front": 0.013888888888888888,
      "volcano": 0.013888888888888888,
      "brother": 0.013888888888888888,
      "potato": 0.013888888888888888,
      "monkey": 0.013888888888888888,
      "tomato": 0.006944444444444444,
      "thunder": 0.006944444444444444,
      "statue": 0.006944444444444444,
      "justice": 0.006944444444444444,
      "back": 0.006944444444444444,
      "river": 0.006944444444444444,
      "friend": 0.006944444444444444,
      "peace": 0.006944444444444444,
      "desert": 0.006944444444444444,
      "dolphin": 0.006944444444444444,
      "lightning": 0.006944444444444444,
      "island": 0.006944444444444444,
      "evening": 0.006944444444444444,
      "coin": 0.006944444444444444,
      "lock": 0.006944444444444444,
      "apple": 0.006944444444444444,
      "east": 0.006944444444444444
    },
    "response_consistency": 0.8819444444444443,
    "lexical_diversity": 0.4375
  },
  "cognitive_patterns": {
    "semantic_clustering": {
      "emotion_words": 0.0,
      "color_words": 0.0,
      "spatial_words": 0.027777777777777776,
      "quantity_words": 0.020833333333333332
    },
    "response_length_statistics": {
      "mean_length": 1.0,
      "std_length": 0.0,
      "min_length": 1,
      "max_length": 1,
      "median_length": 1.0
    },
    "code_switching_frequency": 0.0,
    "cultural_specificity_markers": {
      "formal_markers": 0.0,
      "informal_markers": 0.020833333333333332,
      "cultural_concepts": 0.0
    }
  },
  "statistical_profile": {
    "descriptive_statistics": {
      "mean_response_code": 30.979166666666668,
      "std_response_code": 17.880571684093326,
      "skewness": -0.02874255045326745,
      "kurtosis": -1.225351521534996
    },
    "distribution_tests": {
      "shapiro_wilk": {
        "statistic": 0.9546013433665551,
        "p_value": 0.00011385022263492725,
        "is_normal": false
      },
      "interpretation": "Non-normal distribution"
    },
    "variance_analysis": {
      "total_variance": 319.71484375,
      "explained_variance_ratio": 0.00046185313905157345
    }
  }
}