{
  "language": "TR # Turkish",
  "linguistic_family": "Turkic",
  "linguistic_subfamily": "Turkic",
  "sample_size": 144,
  "response_statistics": {
    "total_responses": 144,
    "unique_responses": 59,
    "response_entropy": 5.7496407703899175,
    "most_frequent_response": "flag",
    "response_frequency_distribution": {
      "flag": 0.041666666666666664,
      "bread": 0.034722222222222224,
      "justice": 0.027777777777777776,
      "forest": 0.020833333333333332,
      "peacock": 0.020833333333333332,
      "elephant": 0.020833333333333332,
      "dolphin": 0.020833333333333332,
      "dog": 0.020833333333333332,
      "above": 0.020833333333333332,
      "mountain": 0.020833333333333332,
      "courage": 0.020833333333333332,
      "moon": 0.020833333333333332,
      "cactus": 0.020833333333333332,
      "rose": 0.020833333333333332,
      "grass": 0.020833333333333332,
      "tomato": 0.020833333333333332,
      "rival": 0.020833333333333332,
      "father": 0.020833333333333332,
      "morning": 0.020833333333333332,
      "bridge": 0.020833333333333332,
      "volcano": 0.020833333333333332,
      "fog": 0.020833333333333332,
      "wisdom": 0.020833333333333332,
      "carpet": 0.020833333333333332,
      "painting": 0.020833333333333332,
      "earthquake": 0.020833333333333332,
      "rain": 0.020833333333333332,
      "second": 0.020833333333333332,
      "stranger": 0.020833333333333332,
      "apple": 0.020833333333333332,
      "century": 0.020833333333333332,
      "soldier": 0.020833333333333332,
      "teacher": 0.020833333333333332,
      "farmer": 0.020833333333333332,
      "sword": 0.013888888888888888,
      "west": 0.013888888888888888,
      "night": 0.013888888888888888,
      "inside": 0.013888888888888888,
      "island": 0.013888888888888888,
      "front": 0.013888888888888888,
      "lake": 0.013888888888888888,
      "book": 0.013888888888888888,
      "artist": 0.013888888888888888,
      "freedom": 0.013888888888888888,
      "brother": 0.013888888888888888,
      "friend": 0.006944444444444444,
      "east": 0.006944444444444444,
      "valley": 0.006944444444444444,
      "writer": 0.006944444444444444,
      "egg": 0.006944444444444444,
      "back": 0.006944444444444444,
      "fish": 0.006944444444444444,
      "desert": 0.006944444444444444,
      "kitap": 0.006944444444444444,
      "beef": 0.006944444444444444,
      "soup": 0.006944444444444444,
      "evening": 0.006944444444444444,
      "lock": 0.006944444444444444,
      "outside": 0.006944444444444444
    },
    "response_consistency": 0.9027777777777777,
    "lexical_diversity": 0.4097222222222222
  },
  "cognitive_patterns": {
    "semantic_clustering": {
      "emotion_words": 0.0,
      "color_words": 0.0,
      "spatial_words": 0.027777777777777776,
      "quantity_words": 0.006944444444444444
    },
    "response_length_statistics": {
      "mean_length": 1.0,
      "std_length": 0.0,
      "min_length": 1,
      "max_length": 1,
      "median_length": 1.0
    },
    "code_switching_frequency": 0.0,
    "cultural_specificity_markers": {
      "formal_markers": 0.0,
      "informal_markers": 0.013888888888888888,
      "cultural_concepts": 0.0
    }
  },
  "statistical_profile": {
    "descriptive_statistics": {
      "mean_response_code": 28.73611111111111,
      "std_response_code": 16.932868313460293,
      "skewness": 0.001544237484213488,
      "kurtosis": -1.2494482280821382
    },
    "distribution_tests": {
      "shapiro_wilk": {
        "statistic": 0.9518691577522088,
        "p_value": 6.718087520495578e-05,
        "is_normal": false
      },
      "interpretation": "Non-normal distribution"
    },
    "variance_analysis": {
      "total_variance": 286.72202932098764,
      "explained_variance_ratio": 0.0035044907783328486
    }
  }
}