{
  "language": "UR # Urdu",
  "linguistic_family": "Indo-European",
  "linguistic_subfamily": "Indo-Iranian",
  "sample_size": 144,
  "response_statistics": {
    "total_responses": 144,
    "unique_responses": 63,
    "response_entropy": 5.8407478217487,
    "most_frequent_response": "flag",
    "response_frequency_distribution": {
      "flag": 0.041666666666666664,
      "justice": 0.027777777777777776,
      "courage": 0.020833333333333332,
      "brother": 0.020833333333333332,
      "elephant": 0.020833333333333332,
      "dog": 0.020833333333333332,
      "mountain": 0.020833333333333332,
      "desert": 0.020833333333333332,
      "rose": 0.020833333333333332,
      "grass": 0.020833333333333332,
      "potato": 0.020833333333333332,
      "rival": 0.020833333333333332,
      "moon": 0.020833333333333332,
      "father": 0.020833333333333332,
      "stranger": 0.020833333333333332,
      "above": 0.020833333333333332,
      "morning": 0.020833333333333332,
      "second": 0.020833333333333332,
      "century": 0.020833333333333332,
      "peacock": 0.020833333333333332,
      "cactus": 0.020833333333333332,
      "bridge": 0.020833333333333332,
      "soldier": 0.020833333333333332,
      "carpet": 0.020833333333333332,
      "painting": 0.020833333333333332,
      "rain": 0.020833333333333332,
      "rice": 0.020833333333333332,
      "fog": 0.020833333333333332,
      "teacher": 0.020833333333333332,
      "book": 0.020833333333333332,
      "farmer": 0.020833333333333332,
      "lake": 0.013888888888888888,
      "east": 0.013888888888888888,
      "monkey": 0.013888888888888888,
      "lightning": 0.013888888888888888,
      "wisdom": 0.013888888888888888,
      "outside": 0.013888888888888888,
      "night": 0.013888888888888888,
      "forest": 0.013888888888888888,
      "inside": 0.013888888888888888,
      "volcano": 0.013888888888888888,
      "sword": 0.013888888888888888,
      "apple": 0.013888888888888888,
      "fish": 0.013888888888888888,
      "artist": 0.013888888888888888,
      "soup": 0.013888888888888888,
      "valley": 0.006944444444444444,
      "thunder": 0.006944444444444444,
      "beef": 0.006944444444444444,
      "back": 0.006944444444444444,
      "front": 0.006944444444444444,
      "writer": 0.006944444444444444,
      "earthquake": 0.006944444444444444,
      "broccoli": 0.006944444444444444,
      "Justice": 0.006944444444444444,
      "peace": 0.006944444444444444,
      "evening": 0.006944444444444444,
      "lock": 0.006944444444444444,
      "west": 0.006944444444444444,
      "bread": 0.006944444444444444,
      "honesty": 0.006944444444444444,
      "dolphin": 0.006944444444444444,
      "river": 0.006944444444444444
    },
    "response_consistency": 0.8819444444444443,
    "lexical_diversity": 0.4305555555555556
  },
  "cognitive_patterns": {
    "semantic_clustering": {
      "emotion_words": 0.0,
      "color_words": 0.0,
      "spatial_words": 0.034722222222222224,
      "quantity_words": 0.013888888888888888
    },
    "response_length_statistics": {
      "mean_length": 1.0,
      "std_length": 0.0,
      "min_length": 1,
      "max_length": 1,
      "median_length": 1.0
    },
    "code_switching_frequency": 0.0,
    "cultural_specificity_markers": {
      "formal_markers": 0.0,
      "informal_markers": 0.020833333333333332,
      "cultural_concepts": 0.0
    }
  },
  "statistical_profile": {
    "descriptive_statistics": {
      "mean_response_code": 30.84722222222222,
      "std_response_code": 17.203972185243074,
      "skewness": -0.014971375428677337,
      "kurtosis": -1.184571426378336
    },
    "distribution_tests": {
      "shapiro_wilk": {
        "statistic": 0.9603146231212981,
        "p_value": 0.00035999455163610456,
        "is_normal": false
      },
      "interpretation": "Non-normal distribution"
    },
    "variance_analysis": {
      "total_variance": 295.9766589506173,
      "explained_variance_ratio": 5.0627411602276115e-05
    }
  }
}