{
  "overall_diversity_metrics": {
    "overall_entropy": 3.7257256228413613,
    "mean_language_entropy": 3.6436062785344467,
    "entropy_variance": 0.00608599184221201,
    "diversity_index": 1.0225379302892037
  },
  "pairwise_language_similarities": {
    "AR # Arabic_vs_BN # Bengali": 0.8947368421052632,
    "AR # Arabic_vs_DE # German": 0.8461538461538461,
    "AR # Arabic_vs_ES # Spanish": 0.8461538461538461,
    "AR # Arabic_vs_FA # Persian": 0.8461538461538461,
    "AR # Arabic_vs_FR # French": 0.8461538461538461,
    "AR # Arabic_vs_GA # Irish": 0.8947368421052632,
    "AR # Arabic_vs_HE # Hebrew": 0.8461538461538461,
    "AR # Arabic_vs_HI # Hindi": 0.945945945945946,
    "AR # Arabic_vs_IT # Italian": 0.7560975609756098,
    "AR # Arabic_vs_JA # Japanese": 0.945945945945946,
    "AR # Arabic_vs_KO # Korean": 0.8461538461538461,
    "AR # Arabic_vs_LV # Latvian": 0.8947368421052632,
    "AR # Arabic_vs_PL # Polish": 0.8947368421052632,
    "AR # Arabic_vs_PS # Pashto": 0.8947368421052632,
    "AR # Arabic_vs_PT # Portuguese": 0.8461538461538461,
    "AR # Arabic_vs_RU # Russian": 0.8947368421052632,
    "AR # Arabic_vs_SQ # Albanian": 0.945945945945946,
    "AR # Arabic_vs_SW # Swahili": 0.7999999999999999,
    "AR # Arabic_vs_TH # Thai": 0.7999999999999999,
    "AR # Arabic_vs_TR # Turkish": 0.8461538461538461,
    "AR # Arabic_vs_UR # Urdu": 0.8947368421052632,
    "AR # Arabic_vs_VI # Vietnamese": 0.8947368421052632,
    "AR # Arabic_vs_ZH # Mandarin": 0.945945945945946,
    "BN # Bengali_vs_DE # German": 0.8461538461538461,
    "BN # Bengali_vs_ES # Spanish": 0.8461538461538461,
    "BN # Bengali_vs_FA # Persian": 0.945945945945946,
    "BN # Bengali_vs_FR # French": 0.8461538461538461,
    "BN # Bengali_vs_GA # Irish": 0.8947368421052632,
    "BN # Bengali_vs_HE # Hebrew": 0.945945945945946,
    "BN # Bengali_vs_HI # Hindi": 0.8461538461538461,
    "BN # Bengali_vs_IT # Italian": 0.8461538461538461,
    "BN # Bengali_vs_JA # Japanese": 0.945945945945946,
    "BN # Bengali_vs_KO # Korean": 0.8461538461538461,
    "BN # Bengali_vs_LV # Latvian": 0.8947368421052632,
    "BN # Bengali_vs_PL # Polish": 0.8947368421052632,
    "BN # Bengali_vs_PS # Pashto": 1.0,
    "BN # Bengali_vs_PT # Portuguese": 0.8461538461538461,
    "BN # Bengali_vs_RU # Russian": 0.8947368421052632,
    "BN # Bengali_vs_SQ # Albanian": 0.945945945945946,
    "BN # Bengali_vs_SW # Swahili": 0.8947368421052632,
    "BN # Bengali_vs_TH # Thai": 0.7999999999999999,
    "BN # Bengali_vs_TR # Turkish": 0.945945945945946,
    "BN # Bengali_vs_UR # Urdu": 1.0,
    "BN # Bengali_vs_VI # Vietnamese": 0.7999999999999999,
    "BN # Bengali_vs_ZH # Mandarin": 0.945945945945946,
    "DE # German_vs_ES # Spanish": 0.7999999999999999,
    "DE # German_vs_FA # Persian": 0.8947368421052632,
    "DE # German_vs_FR # French": 0.7999999999999999,
    "DE # German_vs_GA # Irish": 0.8461538461538461,
    "DE # German_vs_HE # Hebrew": 0.7999999999999999,
    "DE # German_vs_HI # Hindi": 0.7999999999999999,
    "DE # German_vs_IT # Italian": 0.8947368421052632,
    "DE # German_vs_JA # Japanese": 0.8947368421052632,
    "DE # German_vs_KO # Korean": 0.8947368421052632,
    "DE # German_vs_LV # Latvian": 0.7560975609756098,
    "DE # German_vs_PL # Polish": 0.8461538461538461,
    "DE # German_vs_PS # Pashto": 0.8461538461538461,
    "DE # German_vs_PT # Portuguese": 0.7999999999999999,
    "DE # German_vs_RU # Russian": 0.8461538461538461,
    "DE # German_vs_SQ # Albanian": 0.7999999999999999,
    "DE # German_vs_SW # Swahili": 0.945945945945946,
    "DE # German_vs_TH # Thai": 0.6744186046511629,
    "DE # German_vs_TR # Turkish": 0.8947368421052632,
    "DE # German_vs_UR # Urdu": 0.8461538461538461,
    "DE # German_vs_VI # Vietnamese": 0.8461538461538461,
    "DE # German_vs_ZH # Mandarin": 0.7999999999999999,
    "ES # Spanish_vs_FA # Persian": 0.8947368421052632,
    "ES # Spanish_vs_FR # French": 1.0,
    "ES # Spanish_vs_GA # Irish": 0.8461538461538461,
    "ES # Spanish_vs_HE # Hebrew": 0.7999999999999999,
    "ES # Spanish_vs_HI # Hindi": 0.7999999999999999,
    "ES # Spanish_vs_IT # Italian": 0.8947368421052632,
    "ES # Spanish_vs_JA # Japanese": 0.7999999999999999,
    "ES # Spanish_vs_KO # Korean": 0.7999999999999999,
    "ES # Spanish_vs_LV # Latvian": 0.8461538461538461,
    "ES # Spanish_vs_PL # Polish": 0.945945945945946,
    "ES # Spanish_vs_PS # Pashto": 0.8461538461538461,
    "ES # Spanish_vs_PT # Portuguese": 1.0,
    "ES # Spanish_vs_RU # Russian": 0.7560975609756098,
    "ES # Spanish_vs_SQ # Albanian": 0.8947368421052632,
    "ES # Spanish_vs_SW # Swahili": 0.8461538461538461,
    "ES # Spanish_vs_TH # Thai": 0.7560975609756098,
    "ES # Spanish_vs_TR # Turkish": 0.8947368421052632,
    "ES # Spanish_vs_UR # Urdu": 0.8461538461538461,
    "ES # Spanish_vs_VI # Vietnamese": 0.8461538461538461,
    "ES # Spanish_vs_ZH # Mandarin": 0.8947368421052632,
    "FA # Persian_vs_FR # French": 0.8947368421052632,
    "FA # Persian_vs_GA # Irish": 0.8461538461538461,
    "FA # Persian_vs_HE # Hebrew": 0.8947368421052632,
    "FA # Persian_vs_HI # Hindi": 0.7999999999999999,
    "FA # Persian_vs_IT # Italian": 0.8947368421052632,
    "FA # Persian_vs_JA # Japanese": 0.8947368421052632,
    "FA # Persian_vs_KO # Korean": 0.8947368421052632,
    "FA # Persian_vs_LV # Latvian": 0.8461538461538461,
    "FA # Persian_vs_PL # Polish": 0.945945945945946,
    "FA # Persian_vs_PS # Pashto": 0.945945945945946,
    "FA # Persian_vs_PT # Portuguese": 0.8947368421052632,
    "FA # Persian_vs_RU # Russian": 0.8461538461538461,
    "FA # Persian_vs_SQ # Albanian": 0.8947368421052632,
    "FA # Persian_vs_SW # Swahili": 0.945945945945946,
    "FA # Persian_vs_TH # Thai": 0.7560975609756098,
    "FA # Persian_vs_TR # Turkish": 1.0,
    "FA # Persian_vs_UR # Urdu": 0.945945945945946,
    "FA # Persian_vs_VI # Vietnamese": 0.8461538461538461,
    "FA # Persian_vs_ZH # Mandarin": 0.8947368421052632,
    "FR # French_vs_GA # Irish": 0.8461538461538461,
    "FR # French_vs_HE # Hebrew": 0.7999999999999999,
    "FR # French_vs_HI # Hindi": 0.7999999999999999,
    "FR # French_vs_IT # Italian": 0.8947368421052632,
    "FR # French_vs_JA # Japanese": 0.7999999999999999,
    "FR # French_vs_KO # Korean": 0.7999999999999999,
    "FR # French_vs_LV # Latvian": 0.8461538461538461,
    "FR # French_vs_PL # Polish": 0.945945945945946,
    "FR # French_vs_PS # Pashto": 0.8461538461538461,
    "FR # French_vs_PT # Portuguese": 1.0,
    "FR # French_vs_RU # Russian": 0.7560975609756098,
    "FR # French_vs_SQ # Albanian": 0.8947368421052632,
    "FR # French_vs_SW # Swahili": 0.8461538461538461,
    "FR # French_vs_TH # Thai": 0.7560975609756098,
    "FR # French_vs_TR # Turkish": 0.8947368421052632,
    "FR # French_vs_UR # Urdu": 0.8461538461538461,
    "FR # French_vs_VI # Vietnamese": 0.8461538461538461,
    "FR # French_vs_ZH # Mandarin": 0.8947368421052632,
    "GA # Irish_vs_HE # Hebrew": 0.8461538461538461,
    "GA # Irish_vs_HI # Hindi": 0.8461538461538461,
    "GA # Irish_vs_IT # Italian": 0.8461538461538461,
    "GA # Irish_vs_JA # Japanese": 0.8461538461538461,
    "GA # Irish_vs_KO # Korean": 0.7560975609756098,
    "GA # Irish_vs_LV # Latvian": 0.8947368421052632,
    "GA # Irish_vs_PL # Polish": 0.8947368421052632,
    "GA # Irish_vs_PS # Pashto": 0.8947368421052632,
    "GA # Irish_vs_PT # Portuguese": 0.8461538461538461,
    "GA # Irish_vs_RU # Russian": 0.7999999999999999,
    "GA # Irish_vs_SQ # Albanian": 0.945945945945946,
    "GA # Irish_vs_SW # Swahili": 0.8947368421052632,
    "GA # Irish_vs_TH # Thai": 0.7999999999999999,
    "GA # Irish_vs_TR # Turkish": 0.8461538461538461,
    "GA # Irish_vs_UR # Urdu": 0.8947368421052632,
    "GA # Irish_vs_VI # Vietnamese": 0.7999999999999999,
    "GA # Irish_vs_ZH # Mandarin": 0.945945945945946,
    "HE # Hebrew_vs_HI # Hindi": 0.7999999999999999,
    "HE # Hebrew_vs_IT # Italian": 0.7999999999999999,