NounCategory,DistanceType,Mean,Median,StdDev,Min,Max,Count
Inanimate Objects,Cosine,0.023590143072853745,0.019686000421643257,0.020371393831468836,0.0,0.09998200088739395,3312
Inanimate Objects,Jaccard,0.2091602037254211,0.18181818181818177,0.15452757030955153,0.0,0.6666666666666667,3312
