NounCategory,DistanceType,Mean,Median,StdDev,Min,Max,Count
Abstract Concepts,Cosine,0.027062325453585438,0.022752000018954277,0.01845214546832701,0.0,0.10806799679994583,3312
Abstract Concepts,Jaccard,0.2579700894918286,0.18181818181818177,0.1394616419525453,0.0,0.6666666666666667,3312
