pearson_r,pearson_p,spearman_r,spearman_p,cosine_mean,cosine_std,cosine_min,cosine_max,cosine_median,jaccard_mean,jaccard_std,jaccard_min,jaccard_max,jaccard_median,sample_size
0.9467823003141691,0.0,0.9438959372215692,0.0,0.025499318566700027,0.020673250479367782,0.0,0.12445800006389618,0.0199350006878376,0.22161875966223793,0.15595795159568682,0.0,0.6666666666666667,0.18181818181818177,3312
