pearson_r,pearson_p,spearman_r,spearman_p,cosine_mean,cosine_std,cosine_min,cosine_max,cosine_median,jaccard_mean,jaccard_std,jaccard_min,jaccard_max,jaccard_median,sample_size
0.9466714166364149,0.0,0.9517865781060361,0.0,0.01964383885844991,0.017526174031670026,0.0,0.09152500331401825,0.019138000905513763,0.17869358901967594,0.1393314755160632,0.0,0.5714285714285714,0.18181818181818177,3312
