pearson_r,pearson_p,spearman_r,spearman_p,cosine_mean,cosine_std,cosine_min,cosine_max,cosine_median,jaccard_mean,jaccard_std,jaccard_min,jaccard_max,jaccard_median,sample_size
0.9253142045969813,0.0,0.934234465611496,0.0,0.025672179038445854,0.017800816829665538,0.0,0.09943000227212906,0.022901499643921852,0.2668100568915786,0.154735346322732,0.0,0.75,0.33333333333333337,3312
