pearson_r,pearson_p,spearman_r,spearman_p,cosine_mean,cosine_std,cosine_min,cosine_max,cosine_median,jaccard_mean,jaccard_std,jaccard_min,jaccard_max,jaccard_median,sample_size
0.909441442865824,0.0,0.9291218169347167,0.0,0.028563267531097974,0.019921700624669934,0.0,0.11998999863862991,0.024029499851167202,0.2635102417711114,0.1420656481593451,0.0,0.6666666666666667,0.33333333333333337,3312
