pearson_r,pearson_p,spearman_r,spearman_p,cosine_mean,cosine_std,cosine_min,cosine_max,cosine_median,jaccard_mean,jaccard_std,jaccard_min,jaccard_max,jaccard_median,sample_size
0.9489752668908495,0.0,0.9647339647733866,0.0,0.01619346046731221,0.016998740822497218,0.0,0.08589500188827515,0.013920499943196774,0.1741506279549758,0.15952230995000288,0.0,0.5714285714285714,0.18181818181818177,3312
