pearson_r,pearson_p,spearman_r,spearman_p,cosine_mean,cosine_std,cosine_min,cosine_max,cosine_median,jaccard_mean,jaccard_std,jaccard_min,jaccard_max,jaccard_median,sample_size
0.9323567641704189,0.0,0.9367945635816936,0.0,0.02610323756205247,0.01889319240669351,0.0,0.12304399907588959,0.020610500127077103,0.262103561695953,0.15802148311988645,0.0,0.75,0.18181818181818177,3312
