pearson_r,pearson_p,spearman_r,spearman_p,cosine_mean,cosine_std,cosine_min,cosine_max,cosine_median,jaccard_mean,jaccard_std,jaccard_min,jaccard_max,jaccard_median,sample_size
0.9079253982830459,0.0,0.9462796425860088,0.0,0.026773000321064954,0.025153560641634567,0.0,0.2982819974422455,0.02002600021660328,0.2396125449519688,0.16665220333179323,0.0,0.9473684210526316,0.18181818181818177,198720
