NounCategory,DistanceType,Mean,Median,StdDev,Min,Max,Count
Cultural Artifacts,Cosine,0.02062799813397524,0.020401999354362488,0.016374517159233107,0.0,0.10490299761295319,3312
Cultural Artifacts,Jaccard,0.20318318959623305,0.18181818181818177,0.1408843282368705,0.0,0.6666666666666667,3312
