NounCategory,DistanceType,Mean,Median,StdDev,Min,Max,Count
Food Items,Cosine,0.025499318566700027,0.0199350006878376,0.020673250479367782,0.0,0.12445800006389618,3312
Food Items,Jaccard,0.22161875966223793,0.18181818181818177,0.15595795159568682,0.0,0.6666666666666667,3312
