pearson_r,pearson_p,spearman_r,spearman_p,cosine_mean,cosine_std,cosine_min,cosine_max,cosine_median,jaccard_mean,jaccard_std,jaccard_min,jaccard_max,jaccard_median,sample_size
0.8731755070779972,0.0,0.9039594295868809,0.0,0.02191568088160811,0.017784117833980366,0.0,0.09960400313138962,0.01887200027704239,0.23236264540612364,0.14695458430962763,0.0,0.6666666666666667,0.18181818181818177,3312
