pearson_r,pearson_p,spearman_r,spearman_p,cosine_mean,cosine_std,cosine_min,cosine_max,cosine_median,jaccard_mean,jaccard_std,jaccard_min,jaccard_max,jaccard_median,sample_size
0.947717356844129,0.0,0.9643521002282173,0.0,0.027283038295984195,0.024314134781232365,0.0,0.11532600224018097,0.020924500189721584,0.23121383447470403,0.17373773661863356,0.0,0.6666666666666667,0.18181818181818177,3312
