NounCategory,DistanceType,Mean,Median,StdDev,Min,Max,Count
Social Relationships,Cosine,0.019215808902873534,0.015549999661743641,0.015057114456495324,0.0,0.11212600022554398,3312
Social Relationships,Jaccard,0.22336610651828043,0.18181818181818177,0.13976981381208714,0.0,0.6666666666666667,3312
