pearson_r,pearson_p,spearman_r,spearman_p,cosine_mean,cosine_std,cosine_min,cosine_max,cosine_median,jaccard_mean,jaccard_std,jaccard_min,jaccard_max,jaccard_median,sample_size
0.9275790332716305,0.0,0.9304503602318225,0.0,0.02064562555324857,0.018083213056070108,0.0,0.10724399983882904,0.01887200027704239,0.19308429091037785,0.14284031854867427,0.0,0.5714285714285714,0.18181818181818177,3312
