pearson_r,pearson_p,spearman_r,spearman_p,cosine_mean,cosine_std,cosine_min,cosine_max,cosine_median,jaccard_mean,jaccard_std,jaccard_min,jaccard_max,jaccard_median,sample_size
0.9017359605632448,0.0,0.9007788501351085,0.0,0.0188951150144837,0.014142983137249477,0.0,0.06805899739265442,0.019147999584674835,0.19685165880818054,0.1329709215507472,0.0,0.6666666666666667,0.18181818181818177,3312
