NounCategory,DistanceType,Mean,Median,StdDev,Min,Max,Count
Human Roles,Cosine,0.028565551083765375,0.027070999145507812,0.017677516112337897,0.0,0.11435600370168686,3312
Human Roles,Jaccard,0.2922854621224187,0.33333333333333337,0.14182209679962604,0.0,0.75,3312
