NounCategory,DistanceType,Mean,Median,StdDev,Min,Max,Count
Inanimate Objects,Cosine,0.024909803424271657,0.01858700066804886,0.022729119849147755,0.0,0.1350329965353012,3312
Inanimate Objects,Jaccard,0.21916921645182513,0.18181818181818177,0.15699067126672145,0.0,0.6666666666666667,3312
