pearson_r,pearson_p,spearman_r,spearman_p,cosine_mean,cosine_std,cosine_min,cosine_max,cosine_median,jaccard_mean,jaccard_std,jaccard_min,jaccard_max,jaccard_median,sample_size
0.9223951456712569,0.0,0.9234263271484832,0.0,0.028565551083765375,0.017677516112337897,0.0,0.11435600370168686,0.027070999145507812,0.2922854621224187,0.14182209679962604,0.0,0.75,0.33333333333333337,3312
