pearson_r,pearson_p,spearman_r,spearman_p,cosine_mean,cosine_std,cosine_min,cosine_max,cosine_median,jaccard_mean,jaccard_std,jaccard_min,jaccard_max,jaccard_median,sample_size
0.9486242253328805,0.0,0.9609444892779272,0.0,0.02566174611126891,0.02370165644771675,0.0,0.16460900008678436,0.020052000880241394,0.21280617708047375,0.16877559730869224,0.0,0.8235294117647058,0.18181818181818177,3312
