NounCategory,DistanceType,Mean,Median,StdDev,Min,Max,Count
Plants,Cosine,0.02566174611126891,0.020052000880241394,0.02370165644771675,0.0,0.16460900008678436,3312
Plants,Jaccard,0.21280617708047375,0.18181818181818177,0.16877559730869224,0.0,0.8235294117647058,3312
