pearson_r,pearson_p,spearman_r,spearman_p,cosine_mean,cosine_std,cosine_min,cosine_max,cosine_median,jaccard_mean,jaccard_std,jaccard_min,jaccard_max,jaccard_median,sample_size
0.9394325900429985,0.0,0.9581577438859467,0.0,0.02694963559097944,0.024905107338830584,0.0,0.15060299634933472,0.01851700060069561,0.23490526683461466,0.16979044330818308,0.0,0.75,0.18181818181818177,3312
