NounCategory,DistanceType,Mean,Median,StdDev,Min,Max,Count
Places,Cosine,0.02457755404901028,0.019386999309062958,0.020888451368764455,0.0,0.12598900496959686,3312
Places,Jaccard,0.22486320040667868,0.18181818181818177,0.15290401440797716,0.0,0.6666666666666667,3312
