{
  "language": "AR # Arabic",
  "linguistic_family": "Semitic",
  "linguistic_subfamily": "Semitic",
  "sample_size": 144,
  "response_statistics": {
    "total_responses": 144,
    "unique_responses": 59,
    "response_entropy": 5.7496407703899175,
    "most_frequent_response": "bread",
    "response_frequency_distribution": {
      "bread": 0.041666666666666664,
      "desert": 0.034722222222222224,
      "justice": 0.027777777777777776,
      "courage": 0.020833333333333332,
      "grass": 0.020833333333333332,
      "cat": 0.020833333333333332,
      "elephant": 0.020833333333333332,
      "dog": 0.020833333333333332,
      "lake": 0.020833333333333332,
      "brother": 0.020833333333333332,
      "moon": 0.020833333333333332,
      "father": 0.020833333333333332,
      "stranger": 0.020833333333333332,
      "inside": 0.020833333333333332,
      "above": 0.020833333333333332,
      "morning": 0.020833333333333332,
      "second": 0.020833333333333332,
      "century": 0.020833333333333332,
      "lock": 0.020833333333333332,
      "cactus": 0.020833333333333332,
      "bridge": 0.020833333333333332,
      "banana": 0.020833333333333332,
      "book": 0.020833333333333332,
      "painting": 0.020833333333333332,
      "volcano": 0.020833333333333332,
      "flag": 0.020833333333333332,
      "fog": 0.020833333333333332,
      "wisdom": 0.020833333333333332,
      "beef": 0.020833333333333332,
      "artist": 0.020833333333333332,
      "soldier": 0.020833333333333332,
      "teacher": 0.020833333333333332,
      "farmer": 0.020833333333333332,
      "crown": 0.020833333333333332,
      "east": 0.013888888888888888,
      "night": 0.013888888888888888,
      "candle": 0.013888888888888888,
      "outside": 0.013888888888888888,
      "lightning": 0.013888888888888888,
      "enemy": 0.013888888888888888,
      "potato": 0.013888888888888888,
      "rose": 0.013888888888888888,
      "river": 0.013888888888888888,
      "monkey": 0.013888888888888888,
      "rainbow": 0.013888888888888888,
      "tomato": 0.006944444444444444,
      "west": 0.006944444444444444,
      "rival": 0.006944444444444444,
      "earthquake": 0.006944444444444444,
      "freedom": 0.006944444444444444,
      "front": 0.006944444444444444,
      "snake": 0.006944444444444444,
      "flower": 0.006944444444444444,
      "valley": 0.006944444444444444,
      "ocean": 0.006944444444444444,
      "rain": 0.006944444444444444,
      "honesty": 0.006944444444444444,
      "carpet": 0.006944444444444444,
      "evening": 0.006944444444444444
    },
    "response_consistency": 0.9027777777777777,
    "lexical_diversity": 0.4097222222222222
  },
  "cognitive_patterns": {
    "semantic_clustering": {
      "emotion_words": 0.0,
      "color_words": 0.0,
      "spatial_words": 0.020833333333333332,
      "quantity_words": 0.013888888888888888
    },
    "response_length_statistics": {
      "mean_length": 1.0,
      "std_length": 0.0,
      "min_length": 1,
      "max_length": 1,
      "median_length": 1.0
    },
    "code_switching_frequency": 0.0,
    "cultural_specificity_markers": {
      "formal_markers": 0.0,
      "informal_markers": 0.020833333333333332,
      "cultural_concepts": 0.0
    }
  },
  "statistical_profile": {
    "descriptive_statistics": {
      "mean_response_code": 26.541666666666668,
      "std_response_code": 17.285942827755864,
      "skewness": 0.17315943752988525,
      "kurtosis": -1.2285893325482222
    },
    "distribution_tests": {
      "shapiro_wilk": {
        "statistic": 0.945460902464071,
        "p_value": 2.0560677223036106e-05,
        "is_normal": false
      },
      "interpretation": "Non-normal distribution"
    },
    "variance_analysis": {
      "total_variance": 298.80381944444446,
      "explained_variance_ratio": 0.0034816043691485955
    }
  }
}