{
  "language": "BN # Bengali",
  "linguistic_family": "Indo-European-Bengali",
  "linguistic_subfamily": "Bengali",
  "sample_size": 144,
  "response_statistics": {
    "total_responses": 144,
    "unique_responses": 63,
    "response_entropy": 5.849394436317009,
    "most_frequent_response": "potato",
    "response_frequency_distribution": {
      "potato": 0.041666666666666664,
      "courage": 0.020833333333333332,
      "bridge": 0.020833333333333332,
      "lock": 0.020833333333333332,
      "elephant": 0.020833333333333332,
      "monkey": 0.020833333333333332,
      "ocean": 0.020833333333333332,
      "honesty": 0.020833333333333332,
      "cactus": 0.020833333333333332,
      "grass": 0.020833333333333332,
      "rival": 0.020833333333333332,
      "father": 0.020833333333333332,
      "stranger": 0.020833333333333332,
      "east": 0.020833333333333332,
      "inside": 0.020833333333333332,
      "outside": 0.020833333333333332,
      "above": 0.020833333333333332,
      "second": 0.020833333333333332,
      "century": 0.020833333333333332,
      "moon": 0.020833333333333332,
      "dog": 0.020833333333333332,
      "book": 0.020833333333333332,
      "rice": 0.020833333333333332,
      "farmer": 0.020833333333333332,
      "fog": 0.020833333333333332,
      "banana": 0.020833333333333332,
      "fish": 0.020833333333333332,
      "painting": 0.020833333333333332,
      "wisdom": 0.020833333333333332,
      "soldier": 0.020833333333333332,
      "teacher": 0.020833333333333332,
      "candle": 0.013888888888888888,
      "island": 0.013888888888888888,
      "thunder": 0.013888888888888888,
      "freedom": 0.013888888888888888,
      "artist": 0.013888888888888888,
      "night": 0.013888888888888888,
      "morning": 0.013888888888888888,
      "flag": 0.013888888888888888,
      "rainbow": 0.013888888888888888,
      "crown": 0.013888888888888888,
      "lightning": 0.013888888888888888,
      "brother": 0.013888888888888888,
      "rose": 0.013888888888888888,
      "river": 0.013888888888888888,
      "village": 0.013888888888888888,
      "cat": 0.013888888888888888,
      "lake": 0.006944444444444444,
      "earthquake": 0.006944444444444444,
      "friend": 0.006944444444444444,
      "flower": 0.006944444444444444,
      "plain": 0.006944444444444444,
      "flag there! I'm thrilled to help with this. After thinking it over in my native Bengali, where national pride often ties deeply to symbols of unity and history, I've made my choice.\n\nAnswer: flag": 0.006944444444444444,
      "year": 0.006944444444444444,
      "forest": 0.006944444444444444,
      "rain": 0.006944444444444444,
      "\u09ae\u09c1\u0995\u09c1\u099f (Crown)": 0.006944444444444444,
      "justice": 0.006944444444444444,
      "peacock": 0.006944444444444444,
      "writer": 0.006944444444444444,
      "volcano": 0.006944444444444444,
      "bell": 0.006944444444444444,
      "evening": 0.006944444444444444
    },
    "response_consistency": 0.8888888888888888,
    "lexical_diversity": 0.5224719101123596
  },
  "cognitive_patterns": {
    "semantic_clustering": {
      "emotion_words": 0.0,
      "color_words": 0.0,
      "spatial_words": 0.020833333333333332,
      "quantity_words": 0.020833333333333332
    },
    "response_length_statistics": {
      "mean_length": 1.2361111111111112,
      "std_length": 2.7411121807861707,
      "min_length": 1,
      "max_length": 34,
      "median_length": 1.0
    },
    "code_switching_frequency": 0.006944444444444444,
    "cultural_specificity_markers": {
      "formal_markers": 0.0,
      "informal_markers": 0.020833333333333332,
      "cultural_concepts": 0.0
    }
  },
  "statistical_profile": {
    "descriptive_statistics": {
      "mean_response_code": 30.333333333333332,
      "std_response_code": 18.00385761132566,
      "skewness": -0.037767490879678026,
      "kurtosis": -1.2803457294144722
    },
    "distribution_tests": {
      "shapiro_wilk": {
        "statistic": 0.9491437613241438,
        "p_value": 4.0246936329868424e-05,
        "is_normal": false
      },
      "interpretation": "Non-normal distribution"
    },
    "variance_analysis": {
      "total_variance": 324.1388888888889,
      "explained_variance_ratio": 4.8919542144245604e-05
    }
  }
}