{
  "language": "DE # German",
  "linguistic_family": "Indo-European",
  "linguistic_subfamily": "Germanic",
  "sample_size": 144,
  "response_statistics": {
    "total_responses": 144,
    "unique_responses": 60,
    "response_entropy": 5.8024854957625704,
    "most_frequent_response": "bread",
    "response_frequency_distribution": {
      "dog": 0.027777777777777776,
      "bread": 0.027777777777777776,
      "courage": 0.020833333333333332,
      "bridge": 0.020833333333333332,
      "lock": 0.020833333333333332,
      "cat": 0.020833333333333332,
      "monkey": 0.020833333333333332,
      "lake": 0.020833333333333332,
      "ocean": 0.020833333333333332,
      "cactus": 0.020833333333333332,
      "rose": 0.020833333333333332,
      "grass": 0.020833333333333332,
      "potato": 0.020833333333333332,
      "rival": 0.020833333333333332,
      "stranger": 0.020833333333333332,
      "inside": 0.020833333333333332,
      "above": 0.020833333333333332,
      "second": 0.020833333333333332,
      "century": 0.020833333333333332,
      "moon": 0.020833333333333332,
      "island": 0.020833333333333332,
      "book": 0.020833333333333332,
      "fog": 0.020833333333333332,
      "candle": 0.020833333333333332,
      "farmer": 0.020833333333333332,
      "painting": 0.020833333333333332,
      "crown": 0.020833333333333332,
      "rainbow": 0.020833333333333332,
      "volcano": 0.020833333333333332,
      "flag": 0.020833333333333332,
      "banana": 0.020833333333333332,
      "beef": 0.020833333333333332,
      "artist": 0.020833333333333332,
      "teacher": 0.020833333333333332,
      "soldier": 0.020833333333333332,
      "justice": 0.013888888888888888,
      "west": 0.013888888888888888,
      "elephant": 0.013888888888888888,
      "wisdom": 0.013888888888888888,
      "night": 0.013888888888888888,
      "year": 0.013888888888888888,
      "freedom": 0.013888888888888888,
      "east": 0.013888888888888888,
      "brother": 0.013888888888888888,
      "lightning": 0.013888888888888888,
      "soup": 0.013888888888888888,
      "father": 0.013888888888888888,
      "leader": 0.006944444444444444,
      "morning": 0.006944444444444444,
      "front": 0.006944444444444444,
      "forest": 0.006944444444444444,
      "earthquake": 0.006944444444444444,
      "outside": 0.006944444444444444,
      "valley": 0.006944444444444444,
      "Freund": 0.006944444444444444,
      "Gerechtigkeit": 0.006944444444444444,
      "Weisheit": 0.006944444444444444,
      "honesty": 0.006944444444444444,
      "river": 0.006944444444444444,
      "evening": 0.006944444444444444
    },
    "response_consistency": 0.9027777777777777,
    "lexical_diversity": 0.4166666666666667
  },
  "cognitive_patterns": {
    "semantic_clustering": {
      "emotion_words": 0.0,
      "color_words": 0.0,
      "spatial_words": 0.041666666666666664,
      "quantity_words": 0.013888888888888888
    },
    "response_length_statistics": {
      "mean_length": 1.0,
      "std_length": 0.0,
      "min_length": 1,
      "max_length": 1,
      "median_length": 1.0
    },
    "code_switching_frequency": 0.0,
    "cultural_specificity_markers": {
      "formal_markers": 0.0,
      "informal_markers": 0.020833333333333332,
      "cultural_concepts": 0.0
    }
  },
  "statistical_profile": {
    "descriptive_statistics": {
      "mean_response_code": 29.208333333333332,
      "std_response_code": 17.25699334891349,
      "skewness": 0.05711575733896411,
      "kurtosis": -1.3188355471324438
    },
    "distribution_tests": {
      "shapiro_wilk": {
        "statistic": 0.9440658284502361,
        "p_value": 1.60364820882433e-05,
        "is_normal": false
      },
      "interpretation": "Non-normal distribution"
    },
    "variance_analysis": {
      "total_variance": 297.80381944444446,
      "explained_variance_ratio": 0.023810976363461297
    }
  }
}