{
  "language": "ES # Spanish",
  "linguistic_family": "Indo-European",
  "linguistic_subfamily": "Romance",
  "sample_size": 144,
  "response_statistics": {
    "total_responses": 144,
    "unique_responses": 59,
    "response_entropy": 5.79540528751341,
    "most_frequent_response": "above",
    "response_frequency_distribution": {
      "courage": 0.020833333333333332,
      "bridge": 0.020833333333333332,
      "lock": 0.020833333333333332,
      "cat": 0.020833333333333332,
      "elephant": 0.020833333333333332,
      "monkey": 0.020833333333333332,
      "dog": 0.020833333333333332,
      "lake": 0.020833333333333332,
      "island": 0.020833333333333332,
      "cactus": 0.020833333333333332,
      "rose": 0.020833333333333332,
      "grass": 0.020833333333333332,
      "potato": 0.020833333333333332,
      "stranger": 0.020833333333333332,
      "inside": 0.020833333333333332,
      "outside": 0.020833333333333332,
      "above": 0.020833333333333332,
      "second": 0.020833333333333332,
      "century": 0.020833333333333332,
      "moon": 0.020833333333333332,
      "ocean": 0.020833333333333332,
      "book": 0.020833333333333332,
      "banana": 0.020833333333333332,
      "painting": 0.020833333333333332,
      "farmer": 0.020833333333333332,
      "crown": 0.020833333333333332,
      "earthquake": 0.020833333333333332,
      "rainbow": 0.020833333333333332,
      "volcano": 0.020833333333333332,
      "candle": 0.020833333333333332,
      "fog": 0.020833333333333332,
      "soup": 0.020833333333333332,
      "beef": 0.020833333333333332,
      "artist": 0.020833333333333332,
      "soldier": 0.020833333333333332,
      "teacher": 0.020833333333333332,
      "flag": 0.020833333333333332,
      "wisdom": 0.013888888888888888,
      "front": 0.013888888888888888,
      "rival": 0.013888888888888888,
      "freedom": 0.013888888888888888,
      "night": 0.013888888888888888,
      "morning": 0.013888888888888888,
      "brother": 0.013888888888888888,
      "father": 0.013888888888888888,
      "justice": 0.013888888888888888,
      "bread": 0.013888888888888888,
      "valley": 0.013888888888888888,
      "year": 0.006944444444444444,
      "friend": 0.006944444444444444,
      "rice": 0.006944444444444444,
      "leader": 0.006944444444444444,
      "east": 0.006944444444444444,
      "justicia": 0.006944444444444444,
      "sabidur\u00eda": 0.006944444444444444,
      "honesty": 0.006944444444444444,
      "enemy": 0.006944444444444444,
      "forest": 0.006944444444444444,
      "evening": 0.006944444444444444
    },
    "response_consistency": 0.923611111111111,
    "lexical_diversity": 0.4097222222222222
  },
  "cognitive_patterns": {
    "semantic_clustering": {
      "emotion_words": 0.0,
      "color_words": 0.0,
      "spatial_words": 0.027777777777777776,
      "quantity_words": 0.020833333333333332
    },
    "response_length_statistics": {
      "mean_length": 1.0,
      "std_length": 0.0,
      "min_length": 1,
      "max_length": 1,
      "median_length": 1.0
    },
    "code_switching_frequency": 0.006944444444444444,
    "cultural_specificity_markers": {
      "formal_markers": 0.0,
      "informal_markers": 0.020833333333333332,
      "cultural_concepts": 0.0
    }
  },
  "statistical_profile": {
    "descriptive_statistics": {
      "mean_response_code": 28.27777777777778,
      "std_response_code": 17.497001506783814,
      "skewness": 0.009115950522894859,
      "kurtosis": -1.3280281215452174
    },
    "distribution_tests": {
      "shapiro_wilk": {
        "statistic": 0.9418464086603248,
        "p_value": 1.0868775732097746e-05,
        "is_normal": false
      },
      "interpretation": "Non-normal distribution"
    },
    "variance_analysis": {
      "total_variance": 306.1450617283951,
      "explained_variance_ratio": 0.005484273124645319
    }
  }
}