{
  "language": "FA # Persian",
  "linguistic_family": "Indo-European",
  "linguistic_subfamily": "Indo-Iranian",
  "sample_size": 144,
  "response_statistics": {
    "total_responses": 144,
    "unique_responses": 65,
    "response_entropy": 5.896303377015714,
    "most_frequent_response": "bread",
    "response_frequency_distribution": {
      "bread": 0.027777777777777776,
      "courage": 0.020833333333333332,
      "cactus": 0.020833333333333332,
      "moon": 0.020833333333333332,
      "lock": 0.020833333333333332,
      "elephant": 0.020833333333333332,
      "dog": 0.020833333333333332,
      "lake": 0.020833333333333332,
      "desert": 0.020833333333333332,
      "justice": 0.020833333333333332,
      "book": 0.020833333333333332,
      "brother": 0.020833333333333332,
      "father": 0.020833333333333332,
      "stranger": 0.020833333333333332,
      "inside": 0.020833333333333332,
      "above": 0.020833333333333332,
      "second": 0.020833333333333332,
      "century": 0.020833333333333332,
      "bridge": 0.020833333333333332,
      "grass": 0.020833333333333332,
      "farmer": 0.020833333333333332,
      "soldier": 0.020833333333333332,
      "painting": 0.020833333333333332,
      "artist": 0.020833333333333332,
      "crown": 0.020833333333333332,
      "teacher": 0.020833333333333332,
      "banana": 0.020833333333333332,
      "fog": 0.020833333333333332,
      "flag": 0.020833333333333332,
      "volcano": 0.020833333333333332,
      "wisdom": 0.020833333333333332,
      "earthquake": 0.020833333333333332,
      "night": 0.013888888888888888,
      "candle": 0.013888888888888888,
      "freedom": 0.013888888888888888,
      "cat": 0.013888888888888888,
      "ocean": 0.013888888888888888,
      "front": 0.013888888888888888,
      "outside": 0.013888888888888888,
      "year": 0.013888888888888888,
      "rival": 0.013888888888888888,
      "potato": 0.013888888888888888,
      "rainbow": 0.013888888888888888,
      "rose": 0.013888888888888888,
      "fish": 0.013888888888888888,
      "monkey": 0.013888888888888888,
      "east": 0.006944444444444444,
      "flower": 0.006944444444444444,
      "morning": 0.006944444444444444,
      "west": 0.006944444444444444,
      "forest": 0.006944444444444444,
      "rice": 0.006944444444444444,
      "peacock": 0.006944444444444444,
      "enemy": 0.006944444444444444,
      "onion": 0.006944444444444444,
      "snake": 0.006944444444444444,
      "island": 0.006944444444444444,
      "valley": 0.006944444444444444,
      "carpet": 0.006944444444444444,
      "Fish": 0.006944444444444444,
      "soup": 0.006944444444444444,
      "rain": 0.006944444444444444,
      "river": 0.006944444444444444,
      "honesty": 0.006944444444444444,
      "evening": 0.006944444444444444
    },
    "response_consistency": 0.861111111111111,
    "lexical_diversity": 0.4444444444444444
  },
  "cognitive_patterns": {
    "semantic_clustering": {
      "emotion_words": 0.0,
      "color_words": 0.0,
      "spatial_words": 0.020833333333333332,
      "quantity_words": 0.013888888888888888
    },
    "response_length_statistics": {
      "mean_length": 1.0,
      "std_length": 0.0,
      "min_length": 1,
      "max_length": 1,
      "median_length": 1.0
    },
    "code_switching_frequency": 0.0,
    "cultural_specificity_markers": {
      "formal_markers": 0.0,
      "informal_markers": 0.020833333333333332,
      "cultural_concepts": 0.0
    }
  },
  "statistical_profile": {
    "descriptive_statistics": {
      "mean_response_code": 29.92361111111111,
      "std_response_code": 19.103548194682137,
      "skewness": 0.1681176104537795,
      "kurtosis": -1.2334373451894296
    },
    "distribution_tests": {
      "shapiro_wilk": {
        "statistic": 0.9447374043354386,
        "p_value": 1.806731766975955e-05,
        "is_normal": false
      },
      "interpretation": "Non-normal distribution"
    },
    "variance_analysis": {
      "total_variance": 364.9455536265432,
      "explained_variance_ratio": 0.005759950185187173
    }
  }
}