{
  "language": "GA # Irish",
  "linguistic_family": "Indo-European",
  "linguistic_subfamily": "Germanic",
  "sample_size": 144,
  "response_statistics": {
    "total_responses": 144,
    "unique_responses": 62,
    "response_entropy": 5.802645825934478,
    "most_frequent_response": "potato",
    "response_frequency_distribution": {
      "potato": 0.04861111111111111,
      "dog": 0.034722222222222224,
      "island": 0.027777777777777776,
      "courage": 0.020833333333333332,
      "bridge": 0.020833333333333332,
      "moon": 0.020833333333333332,
      "cat": 0.020833333333333332,
      "ocean": 0.020833333333333332,
      "brother": 0.020833333333333332,
      "farmer": 0.020833333333333332,
      "father": 0.020833333333333332,
      "stranger": 0.020833333333333332,
      "inside": 0.020833333333333332,
      "above": 0.020833333333333332,
      "second": 0.020833333333333332,
      "century": 0.020833333333333332,
      "book": 0.020833333333333332,
      "grass": 0.020833333333333332,
      "teacher": 0.020833333333333332,
      "fog": 0.020833333333333332,
      "soldier": 0.020833333333333332,
      "crown": 0.020833333333333332,
      "wisdom": 0.020833333333333332,
      "thunder": 0.020833333333333332,
      "flag": 0.020833333333333332,
      "painting": 0.020833333333333332,
      "banana": 0.020833333333333332,
      "beef": 0.020833333333333332,
      "bread": 0.020833333333333332,
      "lock": 0.013888888888888888,
      "snake": 0.013888888888888888,
      "freedom": 0.013888888888888888,
      "honesty": 0.013888888888888888,
      "cactus": 0.013888888888888888,
      "candle": 0.013888888888888888,
      "night": 0.013888888888888888,
      "rival": 0.013888888888888888,
      "artist": 0.013888888888888888,
      "morning": 0.013888888888888888,
      "west": 0.013888888888888888,
      "justice": 0.013888888888888888,
      "east": 0.013888888888888888,
      "rose": 0.013888888888888888,
      "lake": 0.013888888888888888,
      "rainbow": 0.013888888888888888,
      "lightning": 0.013888888888888888,
      "flower": 0.006944444444444444,
      "front": 0.006944444444444444,
      "forest": 0.006944444444444444,
      "elephant": 0.006944444444444444,
      "year": 0.006944444444444444,
      "outside": 0.006944444444444444,
      "writer": 0.006944444444444444,
      "key": 0.006944444444444444,
      "enemy": 0.006944444444444444,
      "valley": 0.006944444444444444,
      "monkey": 0.006944444444444444,
      "river": 0.006944444444444444,
      "rain": 0.006944444444444444,
      "Lightning": 0.006944444444444444,
      "Candle": 0.006944444444444444,
      "evening": 0.006944444444444444
    },
    "response_consistency": 0.8680555555555557,
    "lexical_diversity": 0.4166666666666667
  },
  "cognitive_patterns": {
    "semantic_clustering": {
      "emotion_words": 0.0,
      "color_words": 0.0,
      "spatial_words": 0.027777777777777776,
      "quantity_words": 0.020833333333333332
    },
    "response_length_statistics": {
      "mean_length": 1.0,
      "std_length": 0.0,
      "min_length": 1,
      "max_length": 1,
      "median_length": 1.0
    },
    "code_switching_frequency": 0.0,
    "cultural_specificity_markers": {
      "formal_markers": 0.0,
      "informal_markers": 0.020833333333333332,
      "cultural_concepts": 0.0
    }
  },
  "statistical_profile": {
    "descriptive_statistics": {
      "mean_response_code": 29.819444444444443,
      "std_response_code": 17.752015839279345,
      "skewness": 0.043513032456798446,
      "kurtosis": -1.3092630023517025
    },
    "distribution_tests": {
      "shapiro_wilk": {
        "statistic": 0.9450719715818392,
        "p_value": 1.917829993811637e-05,
        "is_normal": false
      },
      "interpretation": "Non-normal distribution"
    },
    "variance_analysis": {
      "total_variance": 315.1340663580247,
      "explained_variance_ratio": 0.006028188814614324
    }
  }
}