{
  "language": "HI # Hindi",
  "linguistic_family": "Indo-European",
  "linguistic_subfamily": "Indo-Iranian",
  "sample_size": 144,
  "response_statistics": {
    "total_responses": 144,
    "unique_responses": 63,
    "response_entropy": 5.857347540676223,
    "most_frequent_response": "potato",
    "response_frequency_distribution": {
      "potato": 0.034722222222222224,
      "courage": 0.020833333333333332,
      "dog": 0.020833333333333332,
      "bridge": 0.020833333333333332,
      "moon": 0.020833333333333332,
      "lock": 0.020833333333333332,
      "second": 0.020833333333333332,
      "elephant": 0.020833333333333332,
      "monkey": 0.020833333333333332,
      "above": 0.020833333333333332,
      "east": 0.020833333333333332,
      "honesty": 0.020833333333333332,
      "cactus": 0.020833333333333332,
      "outside": 0.020833333333333332,
      "grass": 0.020833333333333332,
      "inside": 0.020833333333333332,
      "rival": 0.020833333333333332,
      "father": 0.020833333333333332,
      "book": 0.020833333333333332,
      "farmer": 0.020833333333333332,
      "teacher": 0.020833333333333332,
      "soldier": 0.020833333333333332,
      "wisdom": 0.020833333333333332,
      "flag": 0.020833333333333332,
      "painting": 0.020833333333333332,
      "crown": 0.020833333333333332,
      "stranger": 0.020833333333333332,
      "fog": 0.020833333333333332,
      "banana": 0.020833333333333332,
      "century": 0.020833333333333332,
      "rice": 0.020833333333333332,
      "artist": 0.020833333333333332,
      "candle": 0.013888888888888888,
      "night": 0.013888888888888888,
      "thunder": 0.013888888888888888,
      "cat": 0.013888888888888888,
      "lake": 0.013888888888888888,
      "ocean": 0.013888888888888888,
      "morning": 0.013888888888888888,
      "desert": 0.013888888888888888,
      "brother": 0.013888888888888888,
      "freedom": 0.013888888888888888,
      "river": 0.013888888888888888,
      "fish": 0.013888888888888888,
      "rainbow": 0.013888888888888888,
      "rose": 0.013888888888888888,
      "lightning": 0.013888888888888888,
      "egg": 0.006944444444444444,
      "earthquake": 0.006944444444444444,
      "year": 0.006944444444444444,
      "friend": 0.006944444444444444,
      "flower": 0.006944444444444444,
      "island": 0.006944444444444444,
      "plain": 0.006944444444444444,
      "soup": 0.006944444444444444,
      "bell": 0.006944444444444444,
      "rain": 0.006944444444444444,
      "volcano": 0.006944444444444444,
      "justice": 0.006944444444444444,
      "peacock": 0.006944444444444444,
      "village": 0.006944444444444444,
      "mountain": 0.006944444444444444,
      "evening": 0.006944444444444444
    },
    "response_consistency": 0.8888888888888888,
    "lexical_diversity": 0.4375
  },
  "cognitive_patterns": {
    "semantic_clustering": {
      "emotion_words": 0.0,
      "color_words": 0.0,
      "spatial_words": 0.027777777777777776,
      "quantity_words": 0.020833333333333332
    },
    "response_length_statistics": {
      "mean_length": 1.0,
      "std_length": 0.0,
      "min_length": 1,
      "max_length": 1,
      "median_length": 1.0
    },
    "code_switching_frequency": 0.0,
    "cultural_specificity_markers": {
      "formal_markers": 0.0,
      "informal_markers": 0.020833333333333332,
      "cultural_concepts": 0.0
    }
  },
  "statistical_profile": {
    "descriptive_statistics": {
      "mean_response_code": 29.958333333333332,
      "std_response_code": 18.263836079349083,
      "skewness": 0.023713769279123293,
      "kurtosis": -1.2677826773855172
    },
    "distribution_tests": {
      "shapiro_wilk": {
        "statistic": 0.9496595409910807,
        "p_value": 4.42993605965417e-05,
        "is_normal": false
      },
      "interpretation": "Non-normal distribution"
    },
    "variance_analysis": {
      "total_variance": 333.5677083333333,
      "explained_variance_ratio": 0.00031727207639453524
    }
  }
}