{
  "language": "JA # Japanese",
  "linguistic_family": "Japonic",
  "linguistic_subfamily": "Japanese",
  "sample_size": 144,
  "response_statistics": {
    "total_responses": 144,
    "unique_responses": 57,
    "response_entropy": 5.757142961383011,
    "most_frequent_response": "above",
    "response_frequency_distribution": {
      "courage": 0.020833333333333332,
      "cactus": 0.020833333333333332,
      "lock": 0.020833333333333332,
      "cat": 0.020833333333333332,
      "elephant": 0.020833333333333332,
      "monkey": 0.020833333333333332,
      "dog": 0.020833333333333332,
      "ocean": 0.020833333333333332,
      "forest": 0.020833333333333332,
      "island": 0.020833333333333332,
      "grass": 0.020833333333333332,
      "bridge": 0.020833333333333332,
      "potato": 0.020833333333333332,
      "rival": 0.020833333333333332,
      "stranger": 0.020833333333333332,
      "east": 0.020833333333333332,
      "inside": 0.020833333333333332,
      "above": 0.020833333333333332,
      "second": 0.020833333333333332,
      "century": 0.020833333333333332,
      "moon": 0.020833333333333332,
      "lake": 0.020833333333333332,
      "book": 0.020833333333333332,
      "fog": 0.020833333333333332,
      "wisdom": 0.020833333333333332,
      "flag": 0.020833333333333332,
      "painting": 0.020833333333333332,
      "farmer": 0.020833333333333332,
      "earthquake": 0.020833333333333332,
      "rainbow": 0.020833333333333332,
      "volcano": 0.020833333333333332,
      "crown": 0.020833333333333332,
      "banana": 0.020833333333333332,
      "soup": 0.020833333333333332,
      "fish": 0.020833333333333332,
      "teacher": 0.020833333333333332,
      "rice": 0.020833333333333332,
      "artist": 0.020833333333333332,
      "soldier": 0.020833333333333332,
      "rose": 0.013888888888888888,
      "candle": 0.013888888888888888,
      "justice": 0.013888888888888888,
      "night": 0.013888888888888888,
      "year": 0.013888888888888888,
      "outside": 0.013888888888888888,
      "father": 0.013888888888888888,
      "honesty": 0.013888888888888888,
      "brother": 0.013888888888888888,
      "bell": 0.006944444444444444,
      "flower": 0.006944444444444444,
      "friend": 0.006944444444444444,
      "leader": 0.006944444444444444,
      "honesty, I\u2019m thinking about this question in Japanese first. \u516c\u5e73\u3067\u30d0\u30e9\u30f3\u30b9\u306e\u53d6\u308c\u305f\u30ea\u30fc\u30c0\u30fc\u306b\u3068\u3063\u3066\u6700\u3082\u91cd\u8981\u306a\u7279\u6027\u306f\u4f55\u3060\u308d\u3046\uff1f\u9078\u629e\u80a2\u306f\u300c\u5e78\u798f\u300d\u300c\u618e\u3057\u307f\u300d\u300c\u6b63\u76f4\u3055\u300d\u300c\u6b63\u7fa9\u300d\u3002\u65e5\u672c\u6587\u5316\u3067\u306f\u3001\u30ea\u30fc\u30c0\u30fc\u306f\u516c\u6b63\u3067\u4fe1\u983c\u3067\u304d\u308b\u5b58\u5728\u3067\u3042\u308b\u3079\u304d\u3068\u3055\u308c\u308b\u3053\u3068\u304c\u591a\u3044\u3002\u6b63\u76f4\u3055\uff08honesty\uff09\u306f\u4fe1\u983c\u3092\u7bc9\u304f\u57fa\u76e4\u3060\u3057\u3001\u6b63\u7fa9\uff08justice\uff09\u3082\u516c\u5e73\u3055\u3092\u4fdd\u3064\u305f\u3081\u306b\u91cd\u8981\u3002\u3067\u3082\u3001\u76f4\u611f\u7684\u306b\u306f\u300c\u6b63\u7fa9\u300d\u304c\u30ea\u30fc\u30c0\u30fc\u30b7\u30c3\u30d7\u306b\u304a\u3044\u3066\u3088\u308a\u6838\u5fc3\u7684\u306a\u4fa1\u5024\u3068\u3057\u3066\u611f\u3058\u3089\u308c\u308b\u3002\u30ea\u30fc\u30c0\u30fc\u304c\u6b63\u7fa9\u611f\u3092\u6301\u3063\u3066\u3044\u308c\u3070\u3001\u516c\u5e73\u306a\u5224\u65ad\u304c\u3067\u304d\u3001\u307f\u3093\u306a\u304c\u7d0d\u5f97\u3059\u308b\u65b9\u5411\u306b\u5c0e\u3051\u308b\u3068\u601d\u3046\u3002\n\nAnswer: justice": 0.006944444444444444,
      "freedom": 0.006944444444444444,
      "west": 0.006944444444444444,
      "morning": 0.006944444444444444,
      "evening": 0.006944444444444444
    },
    "response_consistency": 0.9375,
    "lexical_diversity": 0.432258064516129
  },
  "cognitive_patterns": {
    "semantic_clustering": {
      "emotion_words": 0.0,
      "color_words": 0.0,
      "spatial_words": 0.04861111111111111,
      "quantity_words": 0.020833333333333332
    },
    "response_length_statistics": {
      "mean_length": 1.0763888888888888,
      "std_length": 0.9134782512091346,
      "min_length": 1,
      "max_length": 12,
      "median_length": 1.0
    },
    "code_switching_frequency": 0.006944444444444444,
    "cultural_specificity_markers": {
      "formal_markers": 0.0,
      "informal_markers": 0.020833333333333332,
      "cultural_concepts": 0.0
    }
  },
  "statistical_profile": {
    "descriptive_statistics": {
      "mean_response_code": 27.88888888888889,
      "std_response_code": 16.80158355264596,
      "skewness": -0.0038363711018747607,
      "kurtosis": -1.315878509613242
    },
    "distribution_tests": {
      "shapiro_wilk": {
        "statistic": 0.9444958725177705,
        "p_value": 1.7307447916909017e-05,
        "is_normal": false
      },
      "interpretation": "Non-normal distribution"
    },
    "variance_analysis": {
      "total_variance": 282.2932098765432,
      "explained_variance_ratio": 0.0016373970602826323
    }
  }
}