{
  "language": "KO # Korean",
  "linguistic_family": "Koreanic",
  "linguistic_subfamily": "Korean",
  "sample_size": 144,
  "response_statistics": {
    "total_responses": 144,
    "unique_responses": 59,
    "response_entropy": 5.79540528751341,
    "most_frequent_response": "above",
    "response_frequency_distribution": {
      "courage": 0.020833333333333332,
      "cactus": 0.020833333333333332,
      "lock": 0.020833333333333332,
      "elephant": 0.020833333333333332,
      "monkey": 0.020833333333333332,
      "lake": 0.020833333333333332,
      "ocean": 0.020833333333333332,
      "justice": 0.020833333333333332,
      "island": 0.020833333333333332,
      "grass": 0.020833333333333332,
      "bridge": 0.020833333333333332,
      "potato": 0.020833333333333332,
      "brother": 0.020833333333333332,
      "stranger": 0.020833333333333332,
      "inside": 0.020833333333333332,
      "above": 0.020833333333333332,
      "second": 0.020833333333333332,
      "century": 0.020833333333333332,
      "moon": 0.020833333333333332,
      "dog": 0.020833333333333332,
      "book": 0.020833333333333332,
      "banana": 0.020833333333333332,
      "painting": 0.020833333333333332,
      "candle": 0.020833333333333332,
      "crown": 0.020833333333333332,
      "wisdom": 0.020833333333333332,
      "farmer": 0.020833333333333332,
      "earthquake": 0.020833333333333332,
      "rainbow": 0.020833333333333332,
      "volcano": 0.020833333333333332,
      "fog": 0.020833333333333332,
      "soup": 0.020833333333333332,
      "rice": 0.020833333333333332,
      "artist": 0.020833333333333332,
      "soldier": 0.020833333333333332,
      "teacher": 0.020833333333333332,
      "flag": 0.020833333333333332,
      "year": 0.013888888888888888,
      "honesty": 0.013888888888888888,
      "beef": 0.013888888888888888,
      "cat": 0.013888888888888888,
      "forest": 0.013888888888888888,
      "night": 0.013888888888888888,
      "enemy": 0.013888888888888888,
      "outside": 0.013888888888888888,
      "east": 0.013888888888888888,
      "father": 0.013888888888888888,
      "rose": 0.013888888888888888,
      "morning": 0.006944444444444444,
      "front": 0.006944444444444444,
      "west": 0.006944444444444444,
      "rival": 0.006944444444444444,
      "freedom": 0.006944444444444444,
      "river": 0.006944444444444444,
      "leader": 0.006944444444444444,
      "flower": 0.006944444444444444,
      "Answer: cat": 0.006944444444444444,
      "fish": 0.006944444444444444,
      "evening": 0.006944444444444444
    },
    "response_consistency": 0.9166666666666666,
    "lexical_diversity": 0.4068965517241379
  },
  "cognitive_patterns": {
    "semantic_clustering": {
      "emotion_words": 0.0,
      "color_words": 0.0,
      "spatial_words": 0.041666666666666664,
      "quantity_words": 0.013888888888888888
    },
    "response_length_statistics": {
      "mean_length": 1.0069444444444444,
      "std_length": 0.08304347738264861,
      "min_length": 1,
      "max_length": 2,
      "median_length": 1.0
    },
    "code_switching_frequency": 0.0,
    "cultural_specificity_markers": {
      "formal_markers": 0.0,
      "informal_markers": 0.020833333333333332,
      "cultural_concepts": 0.0
    }
  },
  "statistical_profile": {
    "descriptive_statistics": {
      "mean_response_code": 28.67361111111111,
      "std_response_code": 17.33927376615452,
      "skewness": 0.023177487746196133,
      "kurtosis": -1.3101862046590211
    },
    "distribution_tests": {
      "shapiro_wilk": {
        "statistic": 0.9438728497150859,
        "p_value": 1.5498400117523352e-05,
        "is_normal": false
      },
      "interpretation": "Non-normal distribution"
    },
    "variance_analysis": {
      "total_variance": 300.65041473765433,
      "explained_variance_ratio": 0.0004494531561896948
    }
  }
}