{
  "language": "LV # Latvian",
  "linguistic_family": "Indo-European",
  "linguistic_subfamily": "Baltic",
  "sample_size": 144,
  "response_statistics": {
    "total_responses": 144,
    "unique_responses": 60,
    "response_entropy": 5.774014207775696,
    "most_frequent_response": "bread",
    "response_frequency_distribution": {
      "bread": 0.041666666666666664,
      "forest": 0.034722222222222224,
      "potato": 0.027777777777777776,
      "second": 0.020833333333333332,
      "above": 0.020833333333333332,
      "inside": 0.020833333333333332,
      "stranger": 0.020833333333333332,
      "grass": 0.020833333333333332,
      "honesty": 0.020833333333333332,
      "book": 0.020833333333333332,
      "ocean": 0.020833333333333332,
      "lake": 0.020833333333333332,
      "dog": 0.020833333333333332,
      "century": 0.020833333333333332,
      "elephant": 0.020833333333333332,
      "cat": 0.020833333333333332,
      "lock": 0.020833333333333332,
      "moon": 0.020833333333333332,
      "bridge": 0.020833333333333332,
      "courage": 0.020833333333333332,
      "farmer": 0.020833333333333332,
      "rainbow": 0.020833333333333332,
      "wisdom": 0.020833333333333332,
      "teacher": 0.020833333333333332,
      "flag": 0.020833333333333332,
      "painting": 0.020833333333333332,
      "crown": 0.020833333333333332,
      "candle": 0.020833333333333332,
      "soldier": 0.020833333333333332,
      "banana": 0.020833333333333332,
      "fog": 0.020833333333333332,
      "artist": 0.020833333333333332,
      "west": 0.013888888888888888,
      "rival": 0.013888888888888888,
      "cactus": 0.013888888888888888,
      "beef": 0.013888888888888888,
      "freedom": 0.013888888888888888,
      "night": 0.013888888888888888,
      "morning": 0.013888888888888888,
      "thunder": 0.013888888888888888,
      "monkey": 0.013888888888888888,
      "father": 0.013888888888888888,
      "brother": 0.013888888888888888,
      "rose": 0.013888888888888888,
      "east": 0.013888888888888888,
      "lightning": 0.013888888888888888,
      "egg": 0.006944444444444444,
      "leader": 0.006944444444444444,
      "front": 0.006944444444444444,
      "volcano": 0.006944444444444444,
      "earthquake": 0.006944444444444444,
      "year": 0.006944444444444444,
      "outside": 0.006944444444444444,
      "flower": 0.006944444444444444,
      "draugs": 0.006944444444444444,
      "sala": 0.006944444444444444,
      "snake": 0.006944444444444444,
      "Taisn\u012bgums": 0.006944444444444444,
      "enemy": 0.006944444444444444,
      "evening": 0.006944444444444444
    },
    "response_consistency": 0.8958333333333334,
    "lexical_diversity": 0.4166666666666667
  },
  "cognitive_patterns": {
    "semantic_clustering": {
      "emotion_words": 0.0,
      "color_words": 0.0,
      "spatial_words": 0.027777777777777776,
      "quantity_words": 0.020833333333333332
    },
    "response_length_statistics": {
      "mean_length": 1.0,
      "std_length": 0.0,
      "min_length": 1,
      "max_length": 1,
      "median_length": 1.0
    },
    "code_switching_frequency": 0.006944444444444444,
    "cultural_specificity_markers": {
      "formal_markers": 0.0,
      "informal_markers": 0.020833333333333332,
      "cultural_concepts": 0.0
    }
  },
  "statistical_profile": {
    "descriptive_statistics": {
      "mean_response_code": 28.381944444444443,
      "std_response_code": 17.36535364829196,
      "skewness": 0.0406068939914135,
      "kurtosis": -1.2763727594944916
    },
    "distribution_tests": {
      "shapiro_wilk": {
        "statistic": 0.94649986925883,
        "p_value": 2.479228844531143e-05,
        "is_normal": false
      },
      "interpretation": "Non-normal distribution"
    },
    "variance_analysis": {
      "total_variance": 301.5555073302469,
      "explained_variance_ratio": 0.017744530026289815
    }
  }
}