{
  "language": "PL # Polish",
  "linguistic_family": "Indo-European",
  "linguistic_subfamily": "Slavic",
  "sample_size": 144,
  "response_statistics": {
    "total_responses": 144,
    "unique_responses": 63,
    "response_entropy": 5.852105266355643,
    "most_frequent_response": "forest",
    "response_frequency_distribution": {
      "forest": 0.034722222222222224,
      "courage": 0.020833333333333332,
      "book": 0.020833333333333332,
      "moon": 0.020833333333333332,
      "lock": 0.020833333333333332,
      "cat": 0.020833333333333332,
      "elephant": 0.020833333333333332,
      "dog": 0.020833333333333332,
      "lake": 0.020833333333333332,
      "ocean": 0.020833333333333332,
      "grass": 0.020833333333333332,
      "potato": 0.020833333333333332,
      "rival": 0.020833333333333332,
      "father": 0.020833333333333332,
      "stranger": 0.020833333333333332,
      "inside": 0.020833333333333332,
      "above": 0.020833333333333332,
      "second": 0.020833333333333332,
      "century": 0.020833333333333332,
      "bridge": 0.020833333333333332,
      "cactus": 0.020833333333333332,
      "farmer": 0.020833333333333332,
      "fog": 0.020833333333333332,
      "wisdom": 0.020833333333333332,
      "teacher": 0.020833333333333332,
      "flag": 0.020833333333333332,
      "painting": 0.020833333333333332,
      "crown": 0.020833333333333332,
      "volcano": 0.020833333333333332,
      "candle": 0.020833333333333332,
      "banana": 0.020833333333333332,
      "soup": 0.020833333333333332,
      "bread": 0.020833333333333332,
      "outside": 0.013888888888888888,
      "front": 0.013888888888888888,
      "beef": 0.013888888888888888,
      "justice": 0.013888888888888888,
      "freedom": 0.013888888888888888,
      "night": 0.013888888888888888,
      "year": 0.013888888888888888,
      "artist": 0.013888888888888888,
      "soldier": 0.013888888888888888,
      "lightning": 0.013888888888888888,
      "rose": 0.013888888888888888,
      "rainbow": 0.013888888888888888,
      "monkey": 0.013888888888888888,
      "east": 0.006944444444444444,
      "island": 0.006944444444444444,
      "morning": 0.006944444444444444,
      "west": 0.006944444444444444,
      "brother": 0.006944444444444444,
      "earthquake": 0.006944444444444444,
      "przyjaciel": 0.006944444444444444,
      "flower": 0.006944444444444444,
      "\u017co\u0142nierz": 0.006944444444444444,
      "snake": 0.006944444444444444,
      "artysta": 0.006944444444444444,
      "rain": 0.006944444444444444,
      "sprawiedliwo\u015b\u0107": 0.006944444444444444,
      "honesty": 0.006944444444444444,
      "friend": 0.006944444444444444,
      "egg": 0.006944444444444444,
      "evening": 0.006944444444444444
    },
    "response_consistency": 0.8888888888888888,
    "lexical_diversity": 0.4375
  },
  "cognitive_patterns": {
    "semantic_clustering": {
      "emotion_words": 0.0,
      "color_words": 0.0,
      "spatial_words": 0.034722222222222224,
      "quantity_words": 0.006944444444444444
    },
    "response_length_statistics": {
      "mean_length": 1.0,
      "std_length": 0.0,
      "min_length": 1,
      "max_length": 1,
      "median_length": 1.0
    },
    "code_switching_frequency": 0.013888888888888888,
    "cultural_specificity_markers": {
      "formal_markers": 0.0,
      "informal_markers": 0.020833333333333332,
      "cultural_concepts": 0.0
    }
  },
  "statistical_profile": {
    "descriptive_statistics": {
      "mean_response_code": 30.069444444444443,
      "std_response_code": 18.157739694203933,
      "skewness": 0.06152042011531955,
      "kurtosis": -1.243107493478758
    },
    "distribution_tests": {
      "shapiro_wilk": {
        "statistic": 0.9510548112843262,
        "p_value": 5.7563179858164784e-05,
        "is_normal": false
      },
      "interpretation": "Non-normal distribution"
    },
    "variance_analysis": {
      "total_variance": 329.7035108024691,
      "explained_variance_ratio": 0.005477128502422032
    }
  }
}