{
  "language": "RU # Russian",
  "linguistic_family": "Indo-European",
  "linguistic_subfamily": "Slavic",
  "sample_size": 144,
  "response_statistics": {
    "total_responses": 144,
    "unique_responses": 64,
    "response_entropy": 5.891061102839403,
    "most_frequent_response": "above",
    "response_frequency_distribution": {
      "courage": 0.020833333333333332,
      "farmer": 0.020833333333333332,
      "bridge": 0.020833333333333332,
      "moon": 0.020833333333333332,
      "lock": 0.020833333333333332,
      "cat": 0.020833333333333332,
      "elephant": 0.020833333333333332,
      "dog": 0.020833333333333332,
      "lake": 0.020833333333333332,
      "ocean": 0.020833333333333332,
      "grass": 0.020833333333333332,
      "potato": 0.020833333333333332,
      "stranger": 0.020833333333333332,
      "inside": 0.020833333333333332,
      "above": 0.020833333333333332,
      "second": 0.020833333333333332,
      "century": 0.020833333333333332,
      "book": 0.020833333333333332,
      "cactus": 0.020833333333333332,
      "teacher": 0.020833333333333332,
      "fog": 0.020833333333333332,
      "wisdom": 0.020833333333333332,
      "candle": 0.020833333333333332,
      "soldier": 0.020833333333333332,
      "painting": 0.020833333333333332,
      "crown": 0.020833333333333332,
      "flag": 0.020833333333333332,
      "artist": 0.020833333333333332,
      "banana": 0.020833333333333332,
      "bread": 0.020833333333333332,
      "beef": 0.020833333333333332,
      "soup": 0.020833333333333332,
      "night": 0.013888888888888888,
      "island": 0.013888888888888888,
      "brother": 0.013888888888888888,
      "earthquake": 0.013888888888888888,
      "freedom": 0.013888888888888888,
      "volcano": 0.013888888888888888,
      "morning": 0.013888888888888888,
      "outside": 0.013888888888888888,
      "east": 0.013888888888888888,
      "father": 0.013888888888888888,
      "rival": 0.013888888888888888,
      "rose": 0.013888888888888888,
      "justice": 0.013888888888888888,
      "forest": 0.013888888888888888,
      "rainbow": 0.013888888888888888,
      "snake": 0.013888888888888888,
      "front": 0.006944444444444444,
      "year": 0.006944444444444444,
      "leader": 0.006944444444444444,
      "enemy": 0.006944444444444444,
      "west": 0.006944444444444444,
      "flower": 0.006944444444444444,
      "monkey": 0.006944444444444444,
      "valley": 0.006944444444444444,
      "thunder": 0.006944444444444444,
      "rain": 0.006944444444444444,
      "\u0441\u0432\u043e\u0431\u043e\u0434\u0430": 0.006944444444444444,
      "honesty": 0.006944444444444444,
      "friend": 0.006944444444444444,
      "lightning": 0.006944444444444444,
      "river": 0.006944444444444444,
      "evening": 0.006944444444444444
    },
    "response_consistency": 0.8819444444444445,
    "lexical_diversity": 0.4444444444444444
  },
  "cognitive_patterns": {
    "semantic_clustering": {
      "emotion_words": 0.0,
      "color_words": 0.0,
      "spatial_words": 0.041666666666666664,
      "quantity_words": 0.013888888888888888
    },
    "response_length_statistics": {
      "mean_length": 1.0,
      "std_length": 0.0,
      "min_length": 1,
      "max_length": 1,
      "median_length": 1.0
    },
    "code_switching_frequency": 0.0,
    "cultural_specificity_markers": {
      "formal_markers": 0.0,
      "informal_markers": 0.020833333333333332,
      "cultural_concepts": 0.0
    }
  },
  "statistical_profile": {
    "descriptive_statistics": {
      "mean_response_code": 29.131944444444443,
      "std_response_code": 18.789863744914946,
      "skewness": 0.10091566744250285,
      "kurtosis": -1.3163022538998135
    },
    "distribution_tests": {
      "shapiro_wilk": {
        "statistic": 0.9415031549170764,
        "p_value": 1.0241203634987972e-05,
        "is_normal": false
      },
      "interpretation": "Non-normal distribution"
    },
    "variance_analysis": {
      "total_variance": 353.0589795524691,
      "explained_variance_ratio": 0.0023756478270685424
    }
  }
}