{
  "language": "SQ # Albanian",
  "linguistic_family": "Indo-European-Albanian",
  "linguistic_subfamily": "Albanian",
  "sample_size": 144,
  "response_statistics": {
    "total_responses": 144,
    "unique_responses": 60,
    "response_entropy": 5.788596606873682,
    "most_frequent_response": "bread",
    "response_frequency_distribution": {
      "bread": 0.041666666666666664,
      "dog": 0.027777777777777776,
      "courage": 0.020833333333333332,
      "grass": 0.020833333333333332,
      "moon": 0.020833333333333332,
      "lock": 0.020833333333333332,
      "cat": 0.020833333333333332,
      "lake": 0.020833333333333332,
      "ocean": 0.020833333333333332,
      "potato": 0.020833333333333332,
      "book": 0.020833333333333332,
      "father": 0.020833333333333332,
      "stranger": 0.020833333333333332,
      "inside": 0.020833333333333332,
      "outside": 0.020833333333333332,
      "above": 0.020833333333333332,
      "second": 0.020833333333333332,
      "century": 0.020833333333333332,
      "bridge": 0.020833333333333332,
      "cactus": 0.020833333333333332,
      "farmer": 0.020833333333333332,
      "rainbow": 0.020833333333333332,
      "wisdom": 0.020833333333333332,
      "candle": 0.020833333333333332,
      "teacher": 0.020833333333333332,
      "painting": 0.020833333333333332,
      "crown": 0.020833333333333332,
      "flag": 0.020833333333333332,
      "beef": 0.020833333333333332,
      "soldier": 0.020833333333333332,
      "fog": 0.020833333333333332,
      "banana": 0.020833333333333332,
      "artist": 0.020833333333333332,
      "monkey": 0.013888888888888888,
      "elephant": 0.013888888888888888,
      "earthquake": 0.013888888888888888,
      "forest": 0.013888888888888888,
      "night": 0.013888888888888888,
      "morning": 0.013888888888888888,
      "freedom": 0.013888888888888888,
      "front": 0.013888888888888888,
      "rival": 0.013888888888888888,
      "brother": 0.013888888888888888,
      "volcano": 0.013888888888888888,
      "rose": 0.013888888888888888,
      "justice": 0.013888888888888888,
      "island": 0.013888888888888888,
      "valley": 0.006944444444444444,
      "year": 0.006944444444444444,
      "enemy": 0.006944444444444444,
      "friend": 0.006944444444444444,
      "flower": 0.006944444444444444,
      "river": 0.006944444444444444,
      "snake": 0.006944444444444444,
      "thunder": 0.006944444444444444,
      "drejt\u00ebsia": 0.006944444444444444,
      "honesty": 0.006944444444444444,
      "east": 0.006944444444444444,
      "lightning": 0.006944444444444444,
      "evening": 0.006944444444444444
    },
    "response_consistency": 0.8958333333333334,
    "lexical_diversity": 0.4166666666666667
  },
  "cognitive_patterns": {
    "semantic_clustering": {
      "emotion_words": 0.0,
      "color_words": 0.0,
      "spatial_words": 0.006944444444444444,
      "quantity_words": 0.013888888888888888
    },
    "response_length_statistics": {
      "mean_length": 1.0,
      "std_length": 0.0,
      "min_length": 1,
      "max_length": 1,
      "median_length": 1.0
    },
    "code_switching_frequency": 0.006944444444444444,
    "cultural_specificity_markers": {
      "formal_markers": 0.0,
      "informal_markers": 0.020833333333333332,
      "cultural_concepts": 0.0
    }
  },
  "statistical_profile": {
    "descriptive_statistics": {
      "mean_response_code": 27.493055555555557,
      "std_response_code": 17.770526678783554,
      "skewness": 0.07971720507327101,
      "kurtosis": -1.3279264329806837
    },
    "distribution_tests": {
      "shapiro_wilk": {
        "statistic": 0.939668204364537,
        "p_value": 7.474528162535874e-06,
        "is_normal": false
      },
      "interpretation": "Non-normal distribution"
    },
    "variance_analysis": {
      "total_variance": 315.7916184413581,
      "explained_variance_ratio": 0.013360595344565818
    }
  }
}