{
  "language": "SW # Swahili",
  "linguistic_family": "Niger-Congo",
  "linguistic_subfamily": "Bantu",
  "sample_size": 144,
  "response_statistics": {
    "total_responses": 144,
    "unique_responses": 61,
    "response_entropy": 5.81637438450719,
    "most_frequent_response": "flag",
    "response_frequency_distribution": {
      "flag": 0.027777777777777776,
      "island": 0.027777777777777776,
      "courage": 0.020833333333333332,
      "rival": 0.020833333333333332,
      "elephant": 0.020833333333333332,
      "dog": 0.020833333333333332,
      "ocean": 0.020833333333333332,
      "justice": 0.020833333333333332,
      "grass": 0.020833333333333332,
      "potato": 0.020833333333333332,
      "father": 0.020833333333333332,
      "lock": 0.020833333333333332,
      "stranger": 0.020833333333333332,
      "inside": 0.020833333333333332,
      "outside": 0.020833333333333332,
      "above": 0.020833333333333332,
      "morning": 0.020833333333333332,
      "second": 0.020833333333333332,
      "century": 0.020833333333333332,
      "cat": 0.020833333333333332,
      "cactus": 0.020833333333333332,
      "moon": 0.020833333333333332,
      "painting": 0.020833333333333332,
      "banana": 0.020833333333333332,
      "soup": 0.020833333333333332,
      "bridge": 0.020833333333333332,
      "beef": 0.020833333333333332,
      "rice": 0.020833333333333332,
      "soldier": 0.020833333333333332,
      "candle": 0.020833333333333332,
      "teacher": 0.020833333333333332,
      "wisdom": 0.020833333333333332,
      "farmer": 0.020833333333333332,
      "book": 0.020833333333333332,
      "fog": 0.020833333333333332,
      "rain": 0.013888888888888888,
      "night": 0.013888888888888888,
      "crown": 0.013888888888888888,
      "lightning": 0.013888888888888888,
      "brother": 0.013888888888888888,
      "rose": 0.013888888888888888,
      "artist": 0.013888888888888888,
      "river": 0.013888888888888888,
      "lake": 0.013888888888888888,
      "monkey": 0.013888888888888888,
      "east": 0.013888888888888888,
      "volcano": 0.006944444444444444,
      "friend": 0.006944444444444444,
      "thunder": 0.006944444444444444,
      "rainbow": 0.006944444444444444,
      "earthquake": 0.006944444444444444,
      "freedom": 0.006944444444444444,
      "front": 0.006944444444444444,
      "msanii": 0.006944444444444444,
      "flower": 0.006944444444444444,
      "valley": 0.006944444444444444,
      "nyani": 0.006944444444444444,
      "radi": 0.006944444444444444,
      "haki": 0.006944444444444444,
      "honesty": 0.006944444444444444,
      "evening": 0.006944444444444444
    },
    "response_consistency": 0.8888888888888888,
    "lexical_diversity": 0.4236111111111111
  },
  "cognitive_patterns": {
    "semantic_clustering": {
      "emotion_words": 0.0,
      "color_words": 0.0,
      "spatial_words": 0.034722222222222224,
      "quantity_words": 0.013888888888888888
    },
    "response_length_statistics": {
      "mean_length": 1.0,
      "std_length": 0.0,
      "min_length": 1,
      "max_length": 1,
      "median_length": 1.0
    },
    "code_switching_frequency": 0.0,
    "cultural_specificity_markers": {
      "formal_markers": 0.0,
      "informal_markers": 0.020833333333333332,
      "cultural_concepts": 0.0
    }
  },
  "statistical_profile": {
    "descriptive_statistics": {
      "mean_response_code": 28.98611111111111,
      "std_response_code": 17.90755043701737,
      "skewness": 0.03424518029279319,
      "kurtosis": -1.2918633841840996
    },
    "distribution_tests": {
      "shapiro_wilk": {
        "statistic": 0.94593626469377,
        "p_value": 2.2393852790949376e-05,
        "is_normal": false
      },
      "interpretation": "Non-normal distribution"
    },
    "variance_analysis": {
      "total_variance": 320.68036265432096,
      "explained_variance_ratio": 3.04473435894587e-05
    }
  }
}