{
  "language": "TH # Thai",
  "linguistic_family": "Tai-Kadai",
  "linguistic_subfamily": "Tai",
  "sample_size": 144,
  "response_statistics": {
    "total_responses": 144,
    "unique_responses": 58,
    "response_entropy": 5.78151639876879,
    "most_frequent_response": "above",
    "response_frequency_distribution": {
      "courage": 0.020833333333333332,
      "justice": 0.020833333333333332,
      "lock": 0.020833333333333332,
      "cat": 0.020833333333333332,
      "elephant": 0.020833333333333332,
      "monkey": 0.020833333333333332,
      "dog": 0.020833333333333332,
      "island": 0.020833333333333332,
      "ocean": 0.020833333333333332,
      "second": 0.020833333333333332,
      "outside": 0.020833333333333332,
      "cactus": 0.020833333333333332,
      "grass": 0.020833333333333332,
      "potato": 0.020833333333333332,
      "rival": 0.020833333333333332,
      "father": 0.020833333333333332,
      "stranger": 0.020833333333333332,
      "above": 0.020833333333333332,
      "moon": 0.020833333333333332,
      "bridge": 0.020833333333333332,
      "book": 0.020833333333333332,
      "fog": 0.020833333333333332,
      "wisdom": 0.020833333333333332,
      "candle": 0.020833333333333332,
      "flag": 0.020833333333333332,
      "painting": 0.020833333333333332,
      "crown": 0.020833333333333332,
      "farmer": 0.020833333333333332,
      "century": 0.020833333333333332,
      "banana": 0.020833333333333332,
      "soup": 0.020833333333333332,
      "fish": 0.020833333333333332,
      "rice": 0.020833333333333332,
      "artist": 0.020833333333333332,
      "soldier": 0.020833333333333332,
      "teacher": 0.020833333333333332,
      "inside": 0.020833333333333332,
      "honesty": 0.013888888888888888,
      "night": 0.013888888888888888,
      "lake": 0.013888888888888888,
      "morning": 0.013888888888888888,
      "river": 0.013888888888888888,
      "east": 0.013888888888888888,
      "brother": 0.013888888888888888,
      "rose": 0.013888888888888888,
      "forest": 0.013888888888888888,
      "volcano": 0.013888888888888888,
      "rainbow": 0.013888888888888888,
      "earthquake": 0.013888888888888888,
      "lightning": 0.006944444444444444,
      "rain": 0.006944444444444444,
      "thunder": 0.006944444444444444,
      "flower": 0.006944444444444444,
      "\u0e40\u0e1e\u0e37\u0e48\u0e2d\u0e19": 0.006944444444444444,
      "front": 0.006944444444444444,
      "year": 0.006944444444444444,
      "freedom": 0.006944444444444444,
      "evening": 0.006944444444444444
    },
    "response_consistency": 0.9097222222222222,
    "lexical_diversity": 0.4027777777777778
  },
  "cognitive_patterns": {
    "semantic_clustering": {
      "emotion_words": 0.0,
      "color_words": 0.0,
      "spatial_words": 0.034722222222222224,
      "quantity_words": 0.013888888888888888
    },
    "response_length_statistics": {
      "mean_length": 1.0,
      "std_length": 0.0,
      "min_length": 1,
      "max_length": 1,
      "median_length": 1.0
    },
    "code_switching_frequency": 0.0,
    "cultural_specificity_markers": {
      "formal_markers": 0.0,
      "informal_markers": 0.020833333333333332,
      "cultural_concepts": 0.0
    }
  },
  "statistical_profile": {
    "descriptive_statistics": {
      "mean_response_code": 27.29861111111111,
      "std_response_code": 16.80363711501798,
      "skewness": 0.024695823773928354,
      "kurtosis": -1.2891830164853972
    },
    "distribution_tests": {
      "shapiro_wilk": {
        "statistic": 0.9471027901402996,
        "p_value": 2.7659419180871157e-05,
        "is_normal": false
      },
      "interpretation": "Non-normal distribution"
    },
    "variance_analysis": {
      "total_variance": 282.3622202932099,
      "explained_variance_ratio": 0.0005285965274306514
    }
  }
}