{
  "language": "TR # Turkish",
  "linguistic_family": "Turkic",
  "linguistic_subfamily": "Turkic",
  "sample_size": 144,
  "response_statistics": {
    "total_responses": 144,
    "unique_responses": 63,
    "response_entropy": 5.863283325205899,
    "most_frequent_response": "bread",
    "response_frequency_distribution": {
      "bread": 0.027777777777777776,
      "courage": 0.020833333333333332,
      "father": 0.020833333333333332,
      "book": 0.020833333333333332,
      "bridge": 0.020833333333333332,
      "moon": 0.020833333333333332,
      "lock": 0.020833333333333332,
      "cat": 0.020833333333333332,
      "elephant": 0.020833333333333332,
      "dog": 0.020833333333333332,
      "lake": 0.020833333333333332,
      "ocean": 0.020833333333333332,
      "above": 0.020833333333333332,
      "cactus": 0.020833333333333332,
      "inside": 0.020833333333333332,
      "grass": 0.020833333333333332,
      "potato": 0.020833333333333332,
      "farmer": 0.020833333333333332,
      "teacher": 0.020833333333333332,
      "soldier": 0.020833333333333332,
      "second": 0.020833333333333332,
      "wisdom": 0.020833333333333332,
      "candle": 0.020833333333333332,
      "flag": 0.020833333333333332,
      "painting": 0.020833333333333332,
      "century": 0.020833333333333332,
      "artist": 0.020833333333333332,
      "earthquake": 0.020833333333333332,
      "volcano": 0.020833333333333332,
      "fog": 0.020833333333333332,
      "banana": 0.020833333333333332,
      "beef": 0.020833333333333332,
      "stranger": 0.020833333333333332,
      "morning": 0.013888888888888888,
      "outside": 0.013888888888888888,
      "night": 0.013888888888888888,
      "front": 0.013888888888888888,
      "monkey": 0.013888888888888888,
      "rival": 0.013888888888888888,
      "brother": 0.013888888888888888,
      "rose": 0.013888888888888888,
      "justice": 0.013888888888888888,
      "island": 0.013888888888888888,
      "soup": 0.013888888888888888,
      "rainbow": 0.013888888888888888,
      "crown": 0.013888888888888888,
      "freedom": 0.013888888888888888,
      "forest": 0.006944444444444444,
      "west": 0.006944444444444444,
      "year": 0.006944444444444444,
      "enemy": 0.006944444444444444,
      "arkada\u015f": 0.006944444444444444,
      "flower": 0.006944444444444444,
      "desert": 0.006944444444444444,
      "valley": 0.006944444444444444,
      "tilki": 0.006944444444444444,
      "rain": 0.006944444444444444,
      "ta\u00e7": 0.006944444444444444,
      "adalet": 0.006944444444444444,
      "honesty": 0.006944444444444444,
      "east": 0.006944444444444444,
      "river": 0.006944444444444444,
      "evening": 0.006944444444444444
    },
    "response_consistency": 0.888888888888889,
    "lexical_diversity": 0.4375
  },
  "cognitive_patterns": {
    "semantic_clustering": {
      "emotion_words": 0.0,
      "color_words": 0.0,
      "spatial_words": 0.027777777777777776,
      "quantity_words": 0.013888888888888888
    },
    "response_length_statistics": {
      "mean_length": 1.0,
      "std_length": 0.0,
      "min_length": 1,
      "max_length": 1,
      "median_length": 1.0
    },
    "code_switching_frequency": 0.013888888888888888,
    "cultural_specificity_markers": {
      "formal_markers": 0.0,
      "informal_markers": 0.020833333333333332,
      "cultural_concepts": 0.0
    }
  },
  "statistical_profile": {
    "descriptive_statistics": {
      "mean_response_code": 29.48611111111111,
      "std_response_code": 18.045461922257747,
      "skewness": 0.08396106307383185,
      "kurtosis": -1.2545004783981062
    },
    "distribution_tests": {
      "shapiro_wilk": {
        "statistic": 0.9497727792409529,
        "p_value": 4.5245179997341106e-05,
        "is_normal": false
      },
      "interpretation": "Non-normal distribution"
    },
    "variance_analysis": {
      "total_variance": 325.6386959876543,
      "explained_variance_ratio": 0.005180265748359852
    }
  }
}