{
  "language": "UR # Urdu",
  "linguistic_family": "Indo-European",
  "linguistic_subfamily": "Indo-Iranian",
  "sample_size": 144,
  "response_statistics": {
    "total_responses": 144,
    "unique_responses": 68,
    "response_entropy": 5.9536968662113114,
    "most_frequent_response": "justice",
    "response_frequency_distribution": {
      "justice": 0.027777777777777776,
      "book": 0.020833333333333332,
      "moon": 0.020833333333333332,
      "lock": 0.020833333333333332,
      "elephant": 0.020833333333333332,
      "dog": 0.020833333333333332,
      "ocean": 0.020833333333333332,
      "cactus": 0.020833333333333332,
      "grass": 0.020833333333333332,
      "courage": 0.020833333333333332,
      "brother": 0.020833333333333332,
      "rival": 0.020833333333333332,
      "stranger": 0.020833333333333332,
      "inside": 0.020833333333333332,
      "above": 0.020833333333333332,
      "second": 0.020833333333333332,
      "century": 0.020833333333333332,
      "bridge": 0.020833333333333332,
      "potato": 0.020833333333333332,
      "farmer": 0.020833333333333332,
      "crown": 0.020833333333333332,
      "painting": 0.020833333333333332,
      "fog": 0.020833333333333332,
      "flag": 0.020833333333333332,
      "banana": 0.020833333333333332,
      "teacher": 0.020833333333333332,
      "wisdom": 0.020833333333333332,
      "rice": 0.020833333333333332,
      "soldier": 0.020833333333333332,
      "candle": 0.013888888888888888,
      "thunder": 0.013888888888888888,
      "night": 0.013888888888888888,
      "artist": 0.013888888888888888,
      "cat": 0.013888888888888888,
      "lake": 0.013888888888888888,
      "outside": 0.013888888888888888,
      "east": 0.013888888888888888,
      "morning": 0.013888888888888888,
      "father": 0.013888888888888888,
      "rainbow": 0.013888888888888888,
      "monkey": 0.013888888888888888,
      "rose": 0.013888888888888888,
      "desert": 0.013888888888888888,
      "river": 0.013888888888888888,
      "earthquake": 0.013888888888888888,
      "bread": 0.013888888888888888,
      "leader": 0.006944444444444444,
      "island": 0.006944444444444444,
      "flower": 0.006944444444444444,
      "freedom": 0.006944444444444444,
      "front": 0.006944444444444444,
      "year": 0.006944444444444444,
      "writer": 0.006944444444444444,
      "fish": 0.006944444444444444,
      "west": 0.006944444444444444,
      "valley": 0.006944444444444444,
      "chicken": 0.006944444444444444,
      "snake": 0.006944444444444444,
      "peacock": 0.006944444444444444,
      "soup": 0.006944444444444444,
      "beef": 0.006944444444444444,
      "rain": 0.006944444444444444,
      "lightning": 0.006944444444444444,
      "village": 0.006944444444444444,
      "honesty": 0.006944444444444444,
      "carpet": 0.006944444444444444,
      "volcano": 0.006944444444444444,
      "evening": 0.006944444444444444
    },
    "response_consistency": 0.8541666666666666,
    "lexical_diversity": 0.4722222222222222
  },
  "cognitive_patterns": {
    "semantic_clustering": {
      "emotion_words": 0.0,
      "color_words": 0.0,
      "spatial_words": 0.027777777777777776,
      "quantity_words": 0.013888888888888888
    },
    "response_length_statistics": {
      "mean_length": 1.0,
      "std_length": 0.0,
      "min_length": 1,
      "max_length": 1,
      "median_length": 1.0
    },
    "code_switching_frequency": 0.0,
    "cultural_specificity_markers": {
      "formal_markers": 0.0,
      "informal_markers": 0.020833333333333332,
      "cultural_concepts": 0.0
    }
  },
  "statistical_profile": {
    "descriptive_statistics": {
      "mean_response_code": 31.881944444444443,
      "std_response_code": 19.367963427532768,
      "skewness": 0.030645561304643316,
      "kurtosis": -1.2475662399130008
    },
    "distribution_tests": {
      "shapiro_wilk": {
        "statistic": 0.9525675157647787,
        "p_value": 7.677422379536965e-05,
        "is_normal": false
      },
      "interpretation": "Non-normal distribution"
    },
    "variance_analysis": {
      "total_variance": 375.1180073302469,
      "explained_variance_ratio": 0.001948535985653499
    }
  }
}