{
  "language": "VI # Vietnamese",
  "linguistic_family": "Austro-Asiatic",
  "linguistic_subfamily": "Vietic",
  "sample_size": 144,
  "response_statistics": {
    "total_responses": 144,
    "unique_responses": 59,
    "response_entropy": 5.792000947265681,
    "most_frequent_response": "courage",
    "response_frequency_distribution": {
      "courage": 0.027777777777777776,
      "brother": 0.020833333333333332,
      "lock": 0.020833333333333332,
      "cat": 0.020833333333333332,
      "elephant": 0.020833333333333332,
      "monkey": 0.020833333333333332,
      "dog": 0.020833333333333332,
      "cactus": 0.020833333333333332,
      "grass": 0.020833333333333332,
      "potato": 0.020833333333333332,
      "rival": 0.020833333333333332,
      "bridge": 0.020833333333333332,
      "father": 0.020833333333333332,
      "stranger": 0.020833333333333332,
      "east": 0.020833333333333332,
      "inside": 0.020833333333333332,
      "outside": 0.020833333333333332,
      "above": 0.020833333333333332,
      "second": 0.020833333333333332,
      "century": 0.020833333333333332,
      "moon": 0.020833333333333332,
      "ocean": 0.020833333333333332,
      "book": 0.020833333333333332,
      "farmer": 0.020833333333333332,
      "flag": 0.020833333333333332,
      "candle": 0.020833333333333332,
      "fog": 0.020833333333333332,
      "banana": 0.020833333333333332,
      "soup": 0.020833333333333332,
      "fish": 0.020833333333333332,
      "painting": 0.020833333333333332,
      "wisdom": 0.020833333333333332,
      "rice": 0.020833333333333332,
      "artist": 0.020833333333333332,
      "soldier": 0.020833333333333332,
      "teacher": 0.020833333333333332,
      "freedom": 0.013888888888888888,
      "morning": 0.013888888888888888,
      "island": 0.013888888888888888,
      "night": 0.013888888888888888,
      "crown": 0.013888888888888888,
      "lightning": 0.013888888888888888,
      "village": 0.013888888888888888,
      "volcano": 0.013888888888888888,
      "rose": 0.013888888888888888,
      "river": 0.013888888888888888,
      "justice": 0.013888888888888888,
      "rainbow": 0.013888888888888888,
      "lake": 0.006944444444444444,
      "earthquake": 0.006944444444444444,
      "year": 0.006944444444444444,
      "flower": 0.006944444444444444,
      "rain": 0.006944444444444444,
      "valley": 0.006944444444444444,
      "thunder": 0.006944444444444444,
      "c\u1edd": 0.006944444444444444,
      "honesty": 0.006944444444444444,
      "forest": 0.006944444444444444,
      "evening": 0.006944444444444444
    },
    "response_consistency": 0.9166666666666666,
    "lexical_diversity": 0.4097222222222222
  },
  "cognitive_patterns": {
    "semantic_clustering": {
      "emotion_words": 0.0,
      "color_words": 0.0,
      "spatial_words": 0.041666666666666664,
      "quantity_words": 0.013888888888888888
    },
    "response_length_statistics": {
      "mean_length": 1.0,
      "std_length": 0.0,
      "min_length": 1,
      "max_length": 1,
      "median_length": 1.0
    },
    "code_switching_frequency": 0.006944444444444444,
    "cultural_specificity_markers": {
      "formal_markers": 0.0,
      "informal_markers": 0.020833333333333332,
      "cultural_concepts": 0.0
    }
  },
  "statistical_profile": {
    "descriptive_statistics": {
      "mean_response_code": 27.694444444444443,
      "std_response_code": 17.25353336508922,
      "skewness": 0.0328062586331764,
      "kurtosis": -1.2964157849932525
    },
    "distribution_tests": {
      "shapiro_wilk": {
        "statistic": 0.9457492545422501,
        "p_value": 2.1652971845025735e-05,
        "is_normal": false
      },
      "interpretation": "Non-normal distribution"
    },
    "variance_analysis": {
      "total_variance": 297.6844135802469,
      "explained_variance_ratio": 0.00010331834050671868
    }
  }
}