{
  "language": "GA # Irish",
  "linguistic_family": "Indo-European",
  "linguistic_subfamily": "Germanic",
  "sample_size": 36,
  "response_statistics": {
    "total_responses": 36,
    "unique_responses": 14,
    "response_entropy": 3.67968220798519,
    "most_frequent_response": "Fear",
    "response_frequency_distribution": {
      "Fear": 0.1388888888888889,
      "Curious": 0.08333333333333333,
      "Threatened": 0.08333333333333333,
      "Intimidating": 0.08333333333333333,
      "Playful": 0.08333333333333333,
      "Amusing": 0.08333333333333333,
      "Alarmed": 0.08333333333333333,
      "Beautiful": 0.08333333333333333,
      "Awe": 0.08333333333333333,
      "Caution": 0.05555555555555555,
      "Startling": 0.05555555555555555,
      "Respect": 0.027777777777777776,
      "Friendliness": 0.027777777777777776,
      "Peaceful": 0.027777777777777776
    },
    "response_consistency": 0.9166666666666665,
    "lexical_diversity": 0.3888888888888889
  },
  "cognitive_patterns": {
    "semantic_clustering": {
      "emotion_words": 0.0,
      "color_words": 0.0,
      "spatial_words": 0.0,
      "quantity_words": 0.0
    },
    "response_length_statistics": {
      "mean_length": 1.0,
      "std_length": 0.0,
      "min_length": 1,
      "max_length": 1,
      "median_length": 1.0
    },
    "code_switching_frequency": 0.0,
    "cultural_specificity_markers": {
      "formal_markers": 0.0,
      "informal_markers": 0.0,
      "cultural_concepts": 0.027777777777777776
    }
  },
  "statistical_profile": {
    "descriptive_statistics": {
      "mean_response_code": 5.972222222222222,
      "std_response_code": 4.024136284907131,
      "skewness": 0.23029511471958625,
      "kurtosis": -1.1790540701386374
    },
    "distribution_tests": {
      "shapiro_wilk": {
        "statistic": 0.9428240211999708,
        "p_value": 0.062227969758336575,
        "is_normal": true
      },
      "interpretation": "Normal distribution"
    },
    "variance_analysis": {
      "total_variance": 16.19367283950617,
      "explained_variance_ratio": 0.0
    }
  }
}