{
  "language": "IT # Italian",
  "linguistic_family": "Indo-European",
  "linguistic_subfamily": "Romance",
  "sample_size": 36,
  "response_statistics": {
    "total_responses": 36,
    "unique_responses": 15,
    "response_entropy": 3.7562068606787946,
    "most_frequent_response": "Fear",
    "response_frequency_distribution": {
      "Fear": 0.1388888888888889,
      "Curious": 0.08333333333333333,
      "Threatened": 0.08333333333333333,
      "Intimidating": 0.08333333333333333,
      "Playful": 0.08333333333333333,
      "Alarmed": 0.08333333333333333,
      "Beautiful": 0.08333333333333333,
      "Awe": 0.08333333333333333,
      "Amusing": 0.05555555555555555,
      "Friendliness": 0.05555555555555555,
      "Peaceful": 0.05555555555555555,
      "Caution": 0.027777777777777776,
      "Startling": 0.027777777777777776,
      "Respect": 0.027777777777777776,
      "Threatening": 0.027777777777777776
    },
    "response_consistency": 0.8888888888888888,
    "lexical_diversity": 0.4166666666666667
  },
  "cognitive_patterns": {
    "semantic_clustering": {
      "emotion_words": 0.0,
      "color_words": 0.0,
      "spatial_words": 0.0,
      "quantity_words": 0.0
    },
    "response_length_statistics": {
      "mean_length": 1.0,
      "std_length": 0.0,
      "min_length": 1,
      "max_length": 1,
      "median_length": 1.0
    },
    "code_switching_frequency": 0.0,
    "cultural_specificity_markers": {
      "formal_markers": 0.0,
      "informal_markers": 0.0,
      "cultural_concepts": 0.027777777777777776
    }
  },
  "statistical_profile": {
    "descriptive_statistics": {
      "mean_response_code": 6.333333333333333,
      "std_response_code": 4.041451884327381,
      "skewness": 0.15436690968707512,
      "kurtosis": -1.0842414126144293
    },
    "distribution_tests": {
      "shapiro_wilk": {
        "statistic": 0.9579338546578979,
        "p_value": 0.18549572639976794,
        "is_normal": true
      },
      "interpretation": "Normal distribution"
    },
    "variance_analysis": {
      "total_variance": 16.333333333333332,
      "explained_variance_ratio": 0.0
    }
  }
}