{
  "language": "LV # Latvian",
  "linguistic_family": "Indo-European",
  "linguistic_subfamily": "Baltic",
  "sample_size": 36,
  "response_statistics": {
    "total_responses": 36,
    "unique_responses": 12,
    "response_entropy": 3.4948204851611298,
    "most_frequent_response": "Fear",
    "response_frequency_distribution": {
      "Fear": 0.16666666666666666,
      "Curious": 0.08333333333333333,
      "Threatened": 0.08333333333333333,
      "Intimidating": 0.08333333333333333,
      "Playful": 0.08333333333333333,
      "Amusing": 0.08333333333333333,
      "Alarmed": 0.08333333333333333,
      "Beautiful": 0.08333333333333333,
      "Startling": 0.08333333333333333,
      "Awe": 0.08333333333333333,
      "Caution": 0.05555555555555555,
      "Friendliness": 0.027777777777777776
    },
    "response_consistency": 0.9722222222222222,
    "lexical_diversity": 0.3333333333333333
  },
  "cognitive_patterns": {
    "semantic_clustering": {
      "emotion_words": 0.0,
      "color_words": 0.0,
      "spatial_words": 0.0,
      "quantity_words": 0.0
    },
    "response_length_statistics": {
      "mean_length": 1.0,
      "std_length": 0.0,
      "min_length": 1,
      "max_length": 1,
      "median_length": 1.0
    },
    "code_switching_frequency": 0.0,
    "cultural_specificity_markers": {
      "formal_markers": 0.0,
      "informal_markers": 0.0,
      "cultural_concepts": 0.0
    }
  },
  "statistical_profile": {
    "descriptive_statistics": {
      "mean_response_code": 5.5,
      "std_response_code": 3.427827300200522,
      "skewness": -0.001983399819686994,
      "kurtosis": -1.2691720598673213
    },
    "distribution_tests": {
      "shapiro_wilk": {
        "statistic": 0.9437554061334166,
        "p_value": 0.06654942794387571,
        "is_normal": true
      },
      "interpretation": "Normal distribution"
    },
    "variance_analysis": {
      "total_variance": 11.75,
      "explained_variance_ratio": 0.0
    }
  }
}