{
  "language": "TH # Thai",
  "linguistic_family": "Tai-Kadai",
  "linguistic_subfamily": "Tai",
  "sample_size": 36,
  "response_statistics": {
    "total_responses": 36,
    "unique_responses": 13,
    "response_entropy": 3.5713451378547343,
    "most_frequent_response": "Fear",
    "response_frequency_distribution": {
      "Fear": 0.16666666666666666,
      "Curious": 0.08333333333333333,
      "Threatened": 0.08333333333333333,
      "Playful": 0.08333333333333333,
      "Amusing": 0.08333333333333333,
      "Alarmed": 0.08333333333333333,
      "Beautiful": 0.08333333333333333,
      "Startling": 0.08333333333333333,
      "Awe": 0.08333333333333333,
      "Caution": 0.05555555555555555,
      "Reassuring": 0.05555555555555555,
      "Friendliness": 0.027777777777777776,
      "Intimidating": 0.027777777777777776
    },
    "response_consistency": 0.9444444444444443,
    "lexical_diversity": 0.3611111111111111
  },
  "cognitive_patterns": {
    "semantic_clustering": {
      "emotion_words": 0.0,
      "color_words": 0.0,
      "spatial_words": 0.0,
      "quantity_words": 0.0
    },
    "response_length_statistics": {
      "mean_length": 1.0,
      "std_length": 0.0,
      "min_length": 1,
      "max_length": 1,
      "median_length": 1.0
    },
    "code_switching_frequency": 0.0,
    "cultural_specificity_markers": {
      "formal_markers": 0.0,
      "informal_markers": 0.0,
      "cultural_concepts": 0.0
    }
  },
  "statistical_profile": {
    "descriptive_statistics": {
      "mean_response_code": 5.777777777777778,
      "std_response_code": 3.779411411487766,
      "skewness": 0.13278967053325125,
      "kurtosis": -1.2716355223590132
    },
    "distribution_tests": {
      "shapiro_wilk": {
        "statistic": 0.9383009554540391,
        "p_value": 0.04498687612657964,
        "is_normal": false
      },
      "interpretation": "Non-normal distribution"
    },
    "variance_analysis": {
      "total_variance": 14.28395061728395,
      "explained_variance_ratio": 0.0
    }
  }
}