{
  "language": "UR # Urdu",
  "linguistic_family": "Indo-European",
  "linguistic_subfamily": "Indo-Iranian",
  "sample_size": 36,
  "response_statistics": {
    "total_responses": 36,
    "unique_responses": 14,
    "response_entropy": 3.647869790548339,
    "most_frequent_response": "Fear",
    "response_frequency_distribution": {
      "Fear": 0.16666666666666666,
      "Curious": 0.08333333333333333,
      "Threatened": 0.08333333333333333,
      "Intimidating": 0.08333333333333333,
      "Playful": 0.08333333333333333,
      "Alarmed": 0.08333333333333333,
      "Beautiful": 0.08333333333333333,
      "Awe": 0.08333333333333333,
      "Caution": 0.05555555555555555,
      "Amusing": 0.05555555555555555,
      "Startling": 0.05555555555555555,
      "Threatening": 0.027777777777777776,
      "Friendliness": 0.027777777777777776,
      "Peaceful": 0.027777777777777776
    },
    "response_consistency": 0.9166666666666666,
    "lexical_diversity": 0.3888888888888889
  },
  "cognitive_patterns": {
    "semantic_clustering": {
      "emotion_words": 0.0,
      "color_words": 0.0,
      "spatial_words": 0.0,
      "quantity_words": 0.0
    },
    "response_length_statistics": {
      "mean_length": 1.0,
      "std_length": 0.0,
      "min_length": 1,
      "max_length": 1,
      "median_length": 1.0
    },
    "code_switching_frequency": 0.0,
    "cultural_specificity_markers": {
      "formal_markers": 0.0,
      "informal_markers": 0.0,
      "cultural_concepts": 0.0
    }
  },
  "statistical_profile": {
    "descriptive_statistics": {
      "mean_response_code": 6.027777777777778,
      "std_response_code": 3.804135988274335,
      "skewness": 0.12169206062008112,
      "kurtosis": -1.1707265891518115
    },
    "distribution_tests": {
      "shapiro_wilk": {
        "statistic": 0.9529503209476392,
        "p_value": 0.12950556254193374,
        "is_normal": true
      },
      "interpretation": "Normal distribution"
    },
    "variance_analysis": {
      "total_variance": 14.47145061728395,
      "explained_variance_ratio": 0.0
    }
  }
}