{
  "language": "ZH # Mandarin",
  "linguistic_family": "Sino-Tibetan",
  "linguistic_subfamily": "Chinese",
  "sample_size": 36,
  "response_statistics": {
    "total_responses": 36,
    "unique_responses": 13,
    "response_entropy": 3.5713451378547343,
    "most_frequent_response": "Fear",
    "response_frequency_distribution": {
      "Fear": 0.16666666666666666,
      "Curious": 0.08333333333333333,
      "Threatened": 0.08333333333333333,
      "Intimidating": 0.08333333333333333,
      "Playful": 0.08333333333333333,
      "Amusing": 0.08333333333333333,
      "Alarmed": 0.08333333333333333,
      "Beautiful": 0.08333333333333333,
      "Awe": 0.08333333333333333,
      "Caution": 0.05555555555555555,
      "Startling": 0.05555555555555555,
      "Friendliness": 0.027777777777777776,
      "Peaceful": 0.027777777777777776
    },
    "response_consistency": 0.9444444444444443,
    "lexical_diversity": 0.3611111111111111
  },
  "cognitive_patterns": {
    "semantic_clustering": {
      "emotion_words": 0.0,
      "color_words": 0.0,
      "spatial_words": 0.0,
      "quantity_words": 0.0
    },
    "response_length_statistics": {
      "mean_length": 1.0,
      "std_length": 0.0,
      "min_length": 1,
      "max_length": 1,
      "median_length": 1.0
    },
    "code_switching_frequency": 0.0,
    "cultural_specificity_markers": {
      "formal_markers": 0.0,
      "informal_markers": 0.0,
      "cultural_concepts": 0.0
    }
  },
  "statistical_profile": {
    "descriptive_statistics": {
      "mean_response_code": 5.694444444444445,
      "std_response_code": 3.702997617879965,
      "skewness": 0.1471173106003716,
      "kurtosis": -1.19708348419732
    },
    "distribution_tests": {
      "shapiro_wilk": {
        "statistic": 0.9450573132572173,
        "p_value": 0.07310873901812855,
        "is_normal": true
      },
      "interpretation": "Normal distribution"
    },
    "variance_analysis": {
      "total_variance": 13.712191358024693,
      "explained_variance_ratio": 0.0
    }
  }
}