NounCategory,DistanceType,Mean,Median,StdDev,Min,Max,Count
Inanimate Objects,Cosine,0.02216908937021696,0.019142000004649162,0.01985328637424395,0.0,0.1562580019235611,3312
Inanimate Objects,Jaccard,0.2064390923086575,0.18181818181818177,0.14294345013273285,0.0,0.75,3312
