pearson_r,pearson_p,spearman_r,spearman_p,cosine_mean,cosine_std,cosine_min,cosine_max,cosine_median,jaccard_mean,jaccard_std,jaccard_min,jaccard_max,jaccard_median,sample_size
0.9219803387953531,0.0,0.9406582605448492,0.0,0.02457755404901028,0.020888451368764455,0.0,0.12598900496959686,0.019386999309062958,0.22486320040667868,0.15290401440797716,0.0,0.6666666666666667,0.18181818181818177,3312
