pearson_r,pearson_p,spearman_r,spearman_p,cosine_mean,cosine_std,cosine_min,cosine_max,cosine_median,jaccard_mean,jaccard_std,jaccard_min,jaccard_max,jaccard_median,sample_size
0.963335479979262,0.0,0.9360669633439604,0.0,0.01314524242165674,0.012947923289902595,0.0,0.0644960030913353,0.015287999995052814,0.1289469387295474,0.11596732804948329,0.0,0.46153846153846156,0.18181818181818177,3312
