NounCategory,DistanceType,Mean,Median,StdDev,Min,Max,Count
Neutral Animals,Cosine,0.014596688078803216,0.016266999766230583,0.0148588943008366,0.0,0.0817359983921051,3312
Neutral Animals,Jaccard,0.18645977613368916,0.18181818181818177,0.14172281108175705,0.0,0.5714285714285714,3312
