NounCategory,DistanceType,Mean,Median,StdDev,Min,Max,Count
Places,Cosine,0.02495947604818879,0.01947600021958351,0.019726981412171895,0.0,0.10737200081348419,3312
Places,Jaccard,0.2138545834198008,0.18181818181818177,0.14277161596674892,0.0,0.5714285714285714,3312
