NounCategory,DistanceType,Mean,Median,StdDev,Min,Max,Count
Environmental Phenomena,Cosine,0.01619346046731221,0.013920499943196774,0.016998740822497218,0.0,0.08589500188827515,3312
Environmental Phenomena,Jaccard,0.1741506279549758,0.18181818181818177,0.15952230995000288,0.0,0.5714285714285714,3312
