pearson_r,pearson_p,spearman_r,spearman_p,cosine_mean,cosine_std,cosine_min,cosine_max,cosine_median,jaccard_mean,jaccard_std,jaccard_min,jaccard_max,jaccard_median,sample_size
0.9253878207425201,0.0,0.9470727976520247,0.0,0.03342516603992109,0.02440459944377898,0.0,0.15076200664043427,0.02902499958872795,0.29682022888544624,0.14717191299388185,0.0,0.75,0.33333333333333337,3312
