NounCategory,DistanceType,Mean,Median,StdDev,Min,Max,Count
Spatial Concepts,Cosine,0.05925260543395006,0.05058800056576729,0.04526262104850048,0.0,0.25540798902511597,3312
Spatial Concepts,Jaccard,0.38477539774960917,0.33333333333333337,0.19871200014615686,0.0,0.8888888888888888,3312
