NounCategory,DistanceType,Mean,Median,StdDev,Min,Max,Count
Neutral Animals,Cosine,0.02064562555324857,0.01887200027704239,0.018083213056070108,0.0,0.10724399983882904,3312
Neutral Animals,Jaccard,0.19308429091037785,0.18181818181818177,0.14284031854867427,0.0,0.5714285714285714,3312
