pearson_r,pearson_p,spearman_r,spearman_p,cosine_mean,cosine_std,cosine_min,cosine_max,cosine_median,jaccard_mean,jaccard_std,jaccard_min,jaccard_max,jaccard_median,sample_size
0.9490440160502516,0.0,0.960961880479282,0.0,0.02064011205605692,0.02009781936380107,0.0,0.1227630004286766,0.01779000088572502,0.1957176780546346,0.1705658887110485,0.0,0.75,0.18181818181818177,3312
