pearson_r,pearson_p,spearman_r,spearman_p,cosine_mean,cosine_std,cosine_min,cosine_max,cosine_median,jaccard_mean,jaccard_std,jaccard_min,jaccard_max,jaccard_median,sample_size
0.9223275346779662,0.0,0.9302937252799861,0.0,0.02216908937021696,0.01985328637424395,0.0,0.1562580019235611,0.019142000004649162,0.2064390923086575,0.14294345013273285,0.0,0.75,0.18181818181818177,3312
