pearson_r,pearson_p,spearman_r,spearman_p,cosine_mean,cosine_std,cosine_min,cosine_max,cosine_median,jaccard_mean,jaccard_std,jaccard_min,jaccard_max,jaccard_median,sample_size
0.9232687828008636,0.0,0.9440593788435483,0.0,0.02965370161903294,0.023343557823086288,0.0,0.11553999781608582,0.020760999992489815,0.25221014894927934,0.15349528857386263,0.0,0.6666666666666667,0.18181818181818177,3312
