{
  "overall_diversity_metrics": {
    "overall_entropy": 6.095684010236271,
    "mean_language_entropy": 5.808873640725703,
    "entropy_variance": 0.00338531805647768,
    "diversity_index": 1.0493745237458354
  },
  "pairwise_language_similarities": {
    "AR # Arabic_vs_BN # Bengali": 0.6,
    "AR # Arabic_vs_DE # German": 0.6089385474860335,
    "AR # Arabic_vs_ES # Spanish": 0.6842105263157895,
    "AR # Arabic_vs_FA # Persian": 0.7888198757763975,
    "AR # Arabic_vs_FR # French": 0.6179775280898877,
    "AR # Arabic_vs_GA # Irish": 0.5824175824175823,
    "AR # Arabic_vs_HE # Hebrew": 0.7668711656441717,
    "AR # Arabic_vs_HI # Hindi": 0.6271186440677966,
    "AR # Arabic_vs_IT # Italian": 0.6271186440677966,
    "AR # Arabic_vs_JA # Japanese": 0.5824175824175823,
    "AR # Arabic_vs_KO # Korean": 0.6363636363636364,
    "AR # Arabic_vs_LV # Latvian": 0.6363636363636365,
    "AR # Arabic_vs_PL # Polish": 0.5824175824175823,
    "AR # Arabic_vs_PS # Pashto": 0.7777777777777778,
    "AR # Arabic_vs_PT # Portuguese": 0.6179775280898877,
    "AR # Arabic_vs_RU # Russian": 0.7142857142857143,
    "AR # Arabic_vs_SQ # Albanian": 0.6842105263157895,
    "AR # Arabic_vs_SW # Swahili": 0.6,
    "AR # Arabic_vs_TH # Thai": 0.6179775280898877,
    "AR # Arabic_vs_TR # Turkish": 0.7888198757763975,
    "AR # Arabic_vs_UR # Urdu": 0.7668711656441717,
    "AR # Arabic_vs_VI # Vietnamese": 0.6179775280898877,
    "AR # Arabic_vs_ZH # Mandarin": 0.6647398843930635,
    "BN # Bengali_vs_DE # German": 0.5911602209944751,
    "BN # Bengali_vs_ES # Spanish": 0.6744186046511628,
    "BN # Bengali_vs_FA # Persian": 0.6363636363636365,
    "BN # Bengali_vs_FR # French": 0.6089385474860335,
    "BN # Bengali_vs_GA # Irish": 0.5911602209944751,
    "BN # Bengali_vs_HE # Hebrew": 0.6179775280898877,
    "BN # Bengali_vs_HI # Hindi": 0.8113207547169812,
    "BN # Bengali_vs_IT # Italian": 0.6089385474860335,
    "BN # Bengali_vs_JA # Japanese": 0.6941176470588235,
    "BN # Bengali_vs_KO # Korean": 0.7142857142857143,
    "BN # Bengali_vs_LV # Latvian": 0.6363636363636364,
    "BN # Bengali_vs_PL # Polish": 0.6271186440677966,
    "BN # Bengali_vs_PS # Pashto": 0.6842105263157895,
    "BN # Bengali_vs_PT # Portuguese": 0.6551724137931034,
    "BN # Bengali_vs_RU # Russian": 0.6647398843930635,
    "BN # Bengali_vs_SQ # Albanian": 0.6271186440677966,
    "BN # Bengali_vs_SW # Swahili": 0.6744186046511628,
    "BN # Bengali_vs_TH # Thai": 0.7777777777777778,
    "BN # Bengali_vs_TR # Turkish": 0.6,
    "BN # Bengali_vs_UR # Urdu": 0.7454545454545455,
    "BN # Bengali_vs_VI # Vietnamese": 0.7668711656441717,
    "BN # Bengali_vs_ZH # Mandarin": 0.7349397590361446,
    "DE # German_vs_ES # Spanish": 0.7041420118343196,
    "DE # German_vs_FA # Persian": 0.6457142857142858,
    "DE # German_vs_FR # French": 0.7349397590361446,
    "DE # German_vs_GA # Irish": 0.6647398843930635,
    "DE # German_vs_HE # Hebrew": 0.6363636363636364,
    "DE # German_vs_HI # Hindi": 0.6089385474860335,
    "DE # German_vs_IT # Italian": 0.6647398843930635,
    "DE # German_vs_JA # Japanese": 0.6647398843930635,
    "DE # German_vs_KO # Korean": 0.6457142857142858,
    "DE # German_vs_LV # Latvian": 0.7777777777777778,
    "DE # German_vs_PL # Polish": 0.7668711656441717,
    "DE # German_vs_PS # Pashto": 0.6457142857142858,
    "DE # German_vs_PT # Portuguese": 0.7041420118343196,
    "DE # German_vs_RU # Russian": 0.7999999999999999,
    "DE # German_vs_SQ # Albanian": 0.6842105263157895,
    "DE # German_vs_SW # Swahili": 0.6,
    "DE # German_vs_TH # Thai": 0.6179775280898877,
    "DE # German_vs_TR # Turkish": 0.6647398843930635,
    "DE # German_vs_UR # Urdu": 0.6363636363636364,
    "DE # German_vs_VI # Vietnamese": 0.6179775280898877,
    "DE # German_vs_ZH # Mandarin": 0.6,
    "ES # Spanish_vs_FA # Persian": 0.7454545454545455,
    "ES # Spanish_vs_FR # French": 0.7349397590361446,
    "ES # Spanish_vs_GA # Irish": 0.6647398843930635,
    "ES # Spanish_vs_HE # Hebrew": 0.7142857142857143,
    "ES # Spanish_vs_HI # Hindi": 0.6941176470588235,
    "ES # Spanish_vs_IT # Italian": 0.7454545454545455,
    "ES # Spanish_vs_JA # Japanese": 0.6744186046511628,
    "ES # Spanish_vs_KO # Korean": 0.7349397590361446,
    "ES # Spanish_vs_LV # Latvian": 0.6941176470588235,
    "ES # Spanish_vs_PL # Polish": 0.7454545454545455,
    "ES # Spanish_vs_PS # Pashto": 0.6941176470588235,
    "ES # Spanish_vs_PT # Portuguese": 0.8113207547169812,
    "ES # Spanish_vs_RU # Russian": 0.7454545454545455,
    "ES # Spanish_vs_SQ # Albanian": 0.7560975609756098,
    "ES # Spanish_vs_SW # Swahili": 0.6551724137931034,
    "ES # Spanish_vs_TH # Thai": 0.7041420118343196,
    "ES # Spanish_vs_TR # Turkish": 0.7349397590361446,
    "ES # Spanish_vs_UR # Urdu": 0.7349397590361446,
    "ES # Spanish_vs_VI # Vietnamese": 0.7245508982035928,
    "ES # Spanish_vs_ZH # Mandarin": 0.6842105263157895,
    "FA # Persian_vs_FR # French": 0.6842105263157895,
    "FA # Persian_vs_GA # Irish": 0.5737704918032787,
    "FA # Persian_vs_HE # Hebrew": 0.7349397590361446,
    "FA # Persian_vs_HI # Hindi": 0.6647398843930635,
    "FA # Persian_vs_IT # Italian": 0.6941176470588235,
    "FA # Persian_vs_JA # Japanese": 0.6551724137931034,
    "FA # Persian_vs_KO # Korean": 0.7041420118343196,
    "FA # Persian_vs_LV # Latvian": 0.6551724137931034,
    "FA # Persian_vs_PL # Polish": 0.6744186046511628,
    "FA # Persian_vs_PS # Pashto": 0.7777777777777778,
    "FA # Persian_vs_PT # Portuguese": 0.6551724137931034,
    "FA # Persian_vs_RU # Russian": 0.7041420118343195,
    "FA # Persian_vs_SQ # Albanian": 0.7668711656441717,
    "FA # Persian_vs_SW # Swahili": 0.6647398843930635,
    "FA # Persian_vs_TH # Thai": 0.7041420118343195,
    "FA # Persian_vs_TR # Turkish": 0.7999999999999999,
    "FA # Persian_vs_UR # Urdu": 0.7999999999999999,
    "FA # Persian_vs_VI # Vietnamese": 0.6842105263157895,
    "FA # Persian_vs_ZH # Mandarin": 0.7041420118343195,
    "FR # French_vs_GA # Irish": 0.6089385474860335,
    "FR # French_vs_HE # Hebrew": 0.6551724137931034,
    "FR # French_vs_HI # Hindi": 0.6179775280898877,
    "FR # French_vs_IT # Italian": 0.7668711656441717,
    "FR # French_vs_JA # Japanese": 0.6457142857142858,
    "FR # French_vs_KO # Korean": 0.7041420118343196,
    "FR # French_vs_LV # Latvian": 0.7349397590361446,
    "FR # French_vs_PL # Polish": 0.7668711656441717,
    "FR # French_vs_PS # Pashto": 0.6271186440677966,
    "FR # French_vs_PT # Portuguese": 0.7041420118343196,
    "FR # French_vs_RU # Russian": 0.7454545454545455,
    "FR # French_vs_SQ # Albanian": 0.7999999999999999,
    "FR # French_vs_SW # Swahili": 0.6271186440677966,
    "FR # French_vs_TH # Thai": 0.6457142857142858,
    "FR # French_vs_TR # Turkish": 0.7245508982035928,
    "FR # French_vs_UR # Urdu": 0.6271186440677966,
    "FR # French_vs_VI # Vietnamese": 0.6363636363636364,
    "FR # French_vs_ZH # Mandarin": 0.5911602209944751,
    "GA # Irish_vs_HE # Hebrew": 0.5911602209944751,
    "GA # Irish_vs_HI # Hindi": 0.5737704918032787,
    "GA # Irish_vs_IT # Italian": 0.6271186440677966,
    "GA # Irish_vs_JA # Japanese": 0.5911602209944751,
    "GA # Irish_vs_KO # Korean": 0.6457142857142858,
    "GA # Irish_vs_LV # Latvian": 0.7560975609756098,
    "GA # Irish_vs_PL # Polish": 0.6842105263157895,
    "GA # Irish_vs_PS # Pashto": 0.6551724137931034,
    "GA # Irish_vs_PT # Portuguese": 0.6744186046511628,
    "GA # Irish_vs_RU # Russian": 0.7041420118343195,
    "GA # Irish_vs_SQ # Albanian": 0.6363636363636364,
    "GA # Irish_vs_SW # Swahili": 0.5567567567567568,
    "GA # Irish_vs_TH # Thai": 0.5824175824175823,
    "GA # Irish_vs_TR # Turkish": 0.6089385474860335,
    "GA # Irish_vs_UR # Urdu": 0.6089385474860335,
    "GA # Irish_vs_VI # Vietnamese": 0.6089385474860335,
    "GA # Irish_vs_ZH # Mandarin": 0.5824175824175823,
    "HE # Hebrew_vs_HI # Hindi": 0.6271186440677966,
    "HE # Hebrew_vs_IT # Italian": 0.6941176470588235,