pearson_r,pearson_p,spearman_r,spearman_p,cosine_mean,cosine_std,cosine_min,cosine_max,cosine_median,jaccard_mean,jaccard_std,jaccard_min,jaccard_max,jaccard_median,sample_size
0.951184585874477,0.0,0.9481836560656146,0.0,0.013009062211130903,0.01442987756107504,0.0,0.07166200131177902,0.01398599985986948,0.12141692848214586,0.11862336524915186,0.0,0.46153846153846156,0.18181818181818177,3312
