NounCategory,DistanceType,Mean,Median,StdDev,Min,Max,Count
Human Roles,Cosine,0.027189588741740527,0.021863000467419624,0.019745308635570932,0.0,0.1207680031657219,3312
Human Roles,Jaccard,0.2764573138214443,0.33333333333333337,0.14564877404113527,0.0,0.75,3312
