pearson_r,pearson_p,spearman_r,spearman_p,cosine_mean,cosine_std,cosine_min,cosine_max,cosine_median,jaccard_mean,jaccard_std,jaccard_min,jaccard_max,jaccard_median,sample_size
0.9059470335531364,0.0,0.9162312501968938,0.0,0.02062799813397524,0.016374517159233107,0.0,0.10490299761295319,0.020401999354362488,0.20318318959623305,0.1408843282368705,0.0,0.6666666666666667,0.18181818181818177,3312
